element_id,x_demo_m,y_demo_m,z_demo_m,layer_id,layer_name
1,581.738,720.578,417.74,1,upper
2,163.608,799.53,425.61,1,upper
3,219.523,454.329,385.092,1,upper
4,585.318,838.078,478.871,1,upper
5,205.201,905.973,451.692,1,upper
6,208.841,426.404,394.014,1,upper
7,364.315,843.97,451.369,1,upper
8,280.142,413.029,389.247,1,upper
9,121.761,257.723,394.073,1,upper
10,501.658,137.996,434.763,1,upper
11,-70.658,337.94,348.332,1,upper
12,218.955,353.807,429.746,1,upper
13,162.364,137.537,416.699,1,upper
14,260.638,720.485,444.381,1,upper
15,-11.622,336.43,411.642,1,upper
16,284.543,428.859,453.482,1,upper
17,533.485,167.721,443.377,1,upper
18,236.327,188.633,439.393,1,upper
19,374.029,344.434,404.793,1,upper
20,115.947,740.757,444.308,1,upper
21,-49.953,830.453,382.569,1,upper
22,485.072,907.407,467.061,1,upper
23,531.495,522.012,409.444,1,upper
24,438.925,275.012,448.247,1,upper
25,58.75,674.286,431.351,1,upper
26,-185.539,626.583,352.831,1,upper
27,345.11,313.452,392.572,1,upper
28,330.793,622.25,429.929,1,upper
29,-92.139,177.69,361.432,1,upper
30,192.577,231.706,388.515,1,upper
31,400.934,779.123,420.146,1,upper
32,-56.717,142.112,372.968,1,upper
33,236.03,888.502,421.678,1,upper
34,149.663,704.275,406.166,1,upper
35,465.232,587.546,406.107,1,upper
36,-7.947,279.543,394.2,1,upper
37,364.463,768.61,465.339,1,upper
38,223.418,432.478,441.671,1,upper
39,428.763,777.295,418.687,1,upper
40,-87.904,86.913,353.29,1,upper
41,110.854,210.581,381.361,1,upper
42,163.178,655.927,448.046,1,upper
43,307.72,567.265,428.13,1,upper
44,286.505,671.328,426.493,1,upper
45,169.118,157.065,394.064,1,upper
46,592.264,686.549,438.532,1,upper
47,126.773,434.001,369.303,1,upper
48,321.452,732.533,413.045,1,upper
49,422.404,673.057,447.731,1,upper
50,267.197,49.516,472.885,1,upper
51,489.531,722.776,409.516,1,upper
52,563.125,153.04,390.986,1,upper
53,-80.74,913.148,375.268,1,upper
54,152.102,202.104,407.912,1,upper
55,575.018,249.717,379.397,1,upper
56,65.958,647.616,382.995,1,upper
57,14.285,825.087,384.995,1,upper
58,-72.638,200.029,341.455,1,upper
59,102.485,452.769,361.504,1,upper
60,385.536,318.846,463.003,1,upper
61,-62.906,399.221,407.203,1,upper
62,596.392,864.535,488.007,1,upper
63,267.959,726.647,469.826,1,upper
64,89.028,586.519,411.064,1,upper
65,469.285,337.459,429.556,1,upper
66,16.778,365.273,382.504,1,upper
67,447.038,104.715,413.924,1,upper
68,316.871,60.687,401.846,1,upper
69,92.991,815.916,444.828,1,upper
70,391.753,471.251,412.418,1,upper
71,418.462,686.772,417.63,1,upper
72,-37.747,544.929,419.485,1,upper
73,168.331,531.212,435.171,1,upper
74,369.938,724.19,428.392,1,upper
75,143.775,762.503,452.867,1,upper
76,310.082,766.352,488.818,1,upper
77,438.079,414.768,444.43,1,upper
78,-104.509,544.532,392.363,1,upper
79,428.902,551.902,425.525,1,upper
80,-141.729,842.157,412.685,1,upper
81,127.736,781.021,415.395,1,upper
82,392.927,360.537,412.024,1,upper
83,163.516,735.448,429.11,1,upper
84,603.767,360.342,448.975,1,upper
85,556.273,310.908,450.807,1,upper
86,-102.119,552.324,339.678,1,upper
87,-170.553,779.136,350.556,1,upper
88,216.761,507.695,438.596,1,upper
89,278.904,369.483,407.371,1,upper
90,351.035,842.993,430.0,1,upper
91,294.571,564.907,447.31,1,upper
92,218.797,49.933,462.966,1,upper
93,-37.547,597.723,392.794,1,upper
94,49.514,176.318,368.385,1,upper
95,22.991,70.643,429.903,1,upper
96,112.632,92.541,454.517,1,upper
97,-186.097,91.805,351.571,1,upper
98,-86.665,520.051,343.552,1,upper
99,113.869,455.022,403.133,1,upper
100,130.454,289.377,446.282,1,upper
101,156.666,612.777,415.661,1,upper
102,123.64,253.406,379.216,1,upper
103,152.255,631.068,396.983,1,upper
104,543.027,133.062,416.039,1,upper
105,100.879,351.271,387.094,1,upper
106,71.702,299.903,434.319,1,upper
107,-66.513,518.974,357.673,1,upper
108,70.967,356.085,397.226,1,upper
109,499.608,891.175,479.953,1,upper
110,106.77,193.017,413.13,1,upper
111,-84.653,579.148,357.575,1,upper
112,270.766,555.718,393.919,1,upper
113,588.418,891.765,452.18,1,upper
114,464.737,239.218,408.025,1,upper
115,429.646,319.702,455.885,1,upper
116,4.85,418.609,347.022,1,upper
117,70.686,604.801,392.963,1,upper
118,621.8,817.981,423.551,1,upper
119,383.654,415.621,417.918,1,upper
120,234.758,526.1,425.206,1,upper
121,374.486,319.556,416.745,1,upper
122,132.85,484.917,374.503,1,upper
123,80.072,720.269,456.357,1,upper
124,-35.089,130.488,376.1,1,upper
125,488.777,486.736,441.129,1,upper
126,82.985,679.221,388.137,1,upper
127,277.865,536.278,410.799,1,upper
128,35.562,134.374,421.269,1,upper
129,377.623,202.453,436.693,1,upper
130,90.083,890.763,466.312,1,upper
131,267.658,554.754,462.915,1,upper
132,-78.734,630.951,346.683,1,upper
133,83.64,96.626,431.706,1,upper
134,560.043,338.624,443.26,1,upper
135,466.979,392.055,445.73,1,upper
136,356.707,791.951,495.931,1,upper
137,-160.377,157.118,349.48,1,upper
138,-93.216,688.276,356.047,1,upper
139,-109.585,908.741,424.836,1,upper
140,60.736,88.489,441.365,1,upper
141,190.895,383.257,423.984,1,upper
142,88.723,268.419,389.792,1,upper
143,555.686,883.7,451.349,1,upper
144,559.388,548.929,439.384,1,upper
145,161.592,888.856,478.363,1,upper
146,488.736,265.172,384.9,1,upper
147,406.246,499.967,422.767,1,upper
148,316.923,226.718,418.943,1,upper
149,343.938,609.71,460.677,1,upper
150,523.458,711.978,467.391,1,upper
151,370.937,378.645,417.919,1,upper
152,541.969,535.132,425.029,1,upper
153,99.878,875.971,445.287,1,upper
154,281.232,270.293,440.475,1,upper
155,380.983,51.159,400.033,1,upper
156,191.543,175.822,453.393,1,upper
157,18.673,535.766,414.376,1,upper
158,289.914,871.756,453.571,1,upper
159,353.142,565.129,441.846,1,upper
160,561.414,352.401,410.317,1,upper
161,513.911,529.519,385.504,1,upper
162,479.55,418.078,379.969,1,upper
163,490.317,641.872,450.172,1,upper
164,101.121,861.284,474.095,1,upper
165,188.135,100.837,395.582,1,upper
166,-123.239,645.386,406.575,1,upper
167,584.708,283.324,445.908,1,upper
168,383.406,267.914,427.031,1,upper
169,346.821,349.605,458.639,1,upper
170,337.757,181.022,432.575,1,upper
171,-161.643,444.919,330.941,1,upper
172,290.263,474.696,436.189,1,upper
173,544.522,431.855,435.876,1,upper
174,-8.705,263.709,411.66,1,upper
175,35.181,306.091,413.257,1,upper
176,85.396,439.849,368.391,1,upper
177,144.305,893.361,440.401,1,upper
178,259.544,903.949,465.149,1,upper
179,348.747,681.185,443.402,1,upper
180,60.136,557.825,412.111,1,upper
181,496.915,826.871,450.254,1,upper
182,478.903,65.783,437.947,1,upper
183,404.831,799.18,463.498,1,upper
184,363.813,107.318,462.543,1,upper
185,551.139,506.273,386.725,1,upper
186,-51.054,899.686,430.651,1,upper
187,-30.056,682.33,374.091,1,upper
188,-65.876,652.419,408.145,1,upper
189,-124.42,456.357,342.488,1,upper
190,-128.991,658.998,341.262,1,upper
191,551.471,907.474,476.257,1,upper
192,284.31,727.097,467.868,1,upper
193,266.855,916.178,497.697,1,upper
194,224.516,105.88,454.64,1,upper
195,530.618,806.215,441.864,1,upper
196,-71.624,81.624,375.839,1,upper
197,-19.377,522.732,358.26,1,upper
198,578.127,118.73,459.561,1,upper
199,493.766,804.459,459.631,1,upper
200,580.323,718.804,428.543,1,upper
201,-120.948,360.631,355.058,1,upper
202,123.175,872.498,435.919,1,upper
203,305.347,463.149,446.735,1,upper
204,-163.411,471.793,337.103,1,upper
205,416.893,829.089,430.366,1,upper
206,608.832,551.158,429.508,1,upper
207,-58.149,592.879,400.255,1,upper
208,31.829,499.148,407.654,1,upper
209,162.433,64.477,439.788,1,upper
210,130.85,464.053,395.044,1,upper
211,-109.842,713.002,371.371,1,upper
212,504.42,147.704,436.996,1,upper
213,-54.623,114.011,373.998,1,upper
214,-187.148,573.996,379.25,1,upper
215,324.699,464.949,397.518,1,upper
216,93.771,57.068,420.894,1,upper
217,-102.394,760.842,417.92,1,upper
218,176.353,361.628,387.954,1,upper
219,280.4,143.062,470.836,1,upper
220,268.848,249.517,419.548,1,upper
221,212.157,674.546,408.997,1,upper
222,359.21,497.383,419.79,1,upper
223,188.201,495.312,386.046,1,upper
224,283.045,601.143,444.465,1,upper
225,-11.742,428.327,350.962,1,upper
226,473.194,742.695,416.116,1,upper
227,337.072,749.707,444.528,1,upper
228,306.93,65.249,445.191,1,upper
229,379.618,417.511,384.865,1,upper
230,529.329,411.833,404.35,1,upper
231,-71.704,107.963,410.463,1,upper
232,-65.042,161.651,368.971,1,upper
233,357.093,617.074,407.229,1,upper
234,-95.289,47.405,352.567,1,upper
235,625.98,683.924,452.062,1,upper
236,100.335,642.085,391.322,1,upper
237,-145.12,862.708,381.129,1,upper
238,149.266,883.824,457.937,1,upper
239,289.273,233.518,451.147,1,upper
240,434.853,358.632,410.755,1,upper
241,594.643,177.301,407.671,1,upper
242,42.001,596.349,395.257,1,upper
243,595.574,727.806,404.131,1,upper
244,473.472,693.909,465.508,1,upper
245,-119.101,70.877,348.826,1,upper
246,-73.276,696.09,397.206,1,upper
247,232.23,723.317,454.896,1,upper
248,10.527,148.515,409.537,1,upper
249,432.183,53.572,398.494,1,upper
250,164.688,857.692,428.374,1,upper
251,572.309,852.054,445.267,1,upper
252,509.426,498.526,417.119,1,upper
253,247.276,205.801,450.809,1,upper
254,600.911,92.741,404.763,1,upper
255,29.701,795.261,390.5,1,upper
256,-150.01,192.253,355.352,1,upper
257,501.54,665.63,409.842,1,upper
258,263.835,192.119,434.396,1,upper
259,-169.429,583.429,386.34,1,upper
260,630.81,155.281,437.845,1,upper
261,287.295,386.916,447.843,1,upper
262,-138.158,913.42,376.266,1,upper
263,209.04,196.799,437.371,1,upper
264,344.571,350.296,446.278,1,upper
265,-108.083,449.158,344.335,1,upper
266,373.279,866.262,446.938,1,upper
267,207.567,576.329,460.15,1,upper
268,150.447,879.439,414.117,1,upper
269,194.43,400.525,440.665,1,upper
270,-157.277,184.419,341.893,1,upper
271,592.768,200.094,411.056,1,upper
272,75.22,79.838,409.629,1,upper
273,-61.54,273.589,352.359,1,upper
274,433.046,908.534,434.448,1,upper
275,-99.778,835.773,369.305,1,upper
276,40.801,591.669,434.055,1,upper
277,-175.794,658.729,357.853,1,upper
278,333.966,286.873,440.206,1,upper
279,-93.324,554.809,349.703,1,upper
280,227.374,361.114,455.374,1,upper
281,88.803,247.358,404.779,1,upper
282,429.729,818.71,461.462,1,upper
283,234.839,288.856,400.191,1,upper
284,504.679,177.011,434.665,1,upper
285,426.058,800.077,439.958,1,upper
286,-134.681,64.528,382.677,1,upper
287,88.798,179.929,445.98,1,upper
288,214.931,912.356,480.754,1,upper
289,45.104,421.659,392.637,1,upper
290,558.992,863.355,462.415,1,upper
291,467.653,889.199,473.491,1,upper
292,247.527,787.111,471.747,1,upper
293,484.222,536.048,386.626,1,upper
294,-59.345,811.372,423.273,1,upper
295,71.952,281.476,406.676,1,upper
296,53.304,287.604,397.542,1,upper
297,448.105,94.396,461.129,1,upper
298,529.933,208.836,389.764,1,upper
299,12.229,270.664,381.392,1,upper
300,0.818,694.414,404.519,1,upper
301,118.008,831.982,465.327,1,upper
302,44.544,40.677,435.522,1,upper
303,375.262,692.205,426.095,1,upper
304,610.815,465.048,436.319,1,upper
305,339.585,701.648,441.06,1,upper
306,105.08,173.338,408.934,1,upper
307,6.004,92.011,423.78,1,upper
308,-102.079,744.679,364.41,1,upper
309,289.035,473.12,414.625,1,upper
310,529.363,374.448,428.537,1,upper
311,247.529,382.536,391.791,1,upper
312,-41.148,698.829,427.829,1,upper
313,97.651,50.388,395.824,1,upper
314,148.06,346.384,381.746,1,upper
315,376.836,483.796,441.658,1,upper
316,-30.788,276.843,408.212,1,upper
317,-169.978,160.888,381.102,1,upper
318,482.64,435.35,450.821,1,upper
319,477.608,198.865,424.645,1,upper
320,186.588,680.4,426.342,1,upper
321,229.102,475.997,397.733,1,upper
322,485.478,227.71,442.189,1,upper
323,-49.356,122.662,377.328,1,upper
324,-67.905,80.274,356.385,1,upper
325,501.585,815.47,419.602,1,upper
326,276.521,900.417,433.76,1,upper
327,212.363,164.616,397.627,1,upper
328,106.662,852.271,474.021,1,upper
329,375.495,762.132,448.442,1,upper
330,626.002,374.885,395.783,1,upper
331,150.192,56.708,436.606,1,upper
332,157.034,363.313,375.455,1,upper
333,-87.557,547.884,362.499,1,upper
334,86.108,915.753,424.981,1,upper
335,413.14,230.883,432.943,1,upper
336,608.21,895.183,476.178,1,upper
337,604.929,812.107,476.544,1,upper
338,307.069,840.574,423.716,1,upper
339,543.17,228.047,459.903,1,upper
340,375.189,210.003,462.015,1,upper
341,37.082,801.212,462.721,1,upper
342,482.47,798.017,443.78,1,upper
343,287.384,447.238,406.781,1,upper
344,98.4,424.071,426.33,1,upper
345,468.411,804.446,450.969,1,upper
346,486.182,328.743,428.493,1,upper
347,-138.341,369.38,349.851,1,upper
348,-179.316,488.197,316.344,1,upper
349,248.366,847.776,429.881,1,upper
350,-69.813,58.437,351.918,1,upper
351,69.882,325.86,358.892,1,upper
352,359.974,513.238,398.941,1,upper
353,595.525,886.224,447.447,1,upper
354,386.88,648.006,457.526,1,upper
355,504.356,729.415,444.644,1,upper
356,-125.54,619.235,357.845,1,upper
357,54.814,260.194,423.147,1,upper
358,328.183,138.281,429.821,1,upper
359,80.342,747.032,420.517,1,upper
360,481.616,204.103,421.229,1,upper
361,-15.351,610.167,410.815,1,upper
362,161.435,571.368,395.996,1,upper
363,481.816,851.69,485.866,1,upper
364,173.748,84.418,452.76,1,upper
365,602.159,457.83,431.848,1,upper
366,255.065,244.477,413.533,1,upper
367,480.032,655.621,473.965,1,upper
368,534.095,338.354,412.537,1,upper
369,555.079,684.691,445.609,1,upper
370,498.86,218.135,425.433,1,upper
371,564.474,826.468,481.809,1,upper
372,471.323,346.397,410.373,1,upper
373,330.063,528.347,419.869,1,upper
374,20.211,539.242,364.709,1,upper
375,234.506,78.132,442.819,1,upper
376,218.165,99.051,455.367,1,upper
377,263.714,539.364,410.745,1,upper
378,-156.94,525.285,340.471,1,upper
379,48.039,358.124,369.215,1,upper
380,369.502,630.53,476.612,1,upper
381,72.211,301.329,376.032,1,upper
382,186.989,755.093,470.488,1,upper
383,19.521,326.615,365.253,1,upper
384,199.607,230.769,427.565,1,upper
385,-145.101,98.18,363.33,1,upper
386,-97.27,409.01,402.291,1,upper
387,106.635,575.145,386.814,1,upper
388,488.948,755.144,471.907,1,upper
389,329.628,792.669,483.617,1,upper
390,-102.709,539.124,389.443,1,upper
391,122.763,789.758,405.659,1,upper
392,-106.289,657.118,340.045,1,upper
393,88.19,188.817,392.352,1,upper
394,43.769,883.761,395.396,1,upper
395,-120.886,543.921,382.866,1,upper
396,382.996,500.106,426.649,1,upper
397,583.422,80.357,432.245,1,upper
398,198.32,610.191,388.172,1,upper
399,585.323,178.602,385.79,1,upper
400,144.603,589.458,384.111,1,upper
401,193.626,815.157,468.313,1,upper
402,-43.865,642.727,384.565,1,upper
403,326.803,346.522,386.456,1,upper
404,61.677,813.093,404.803,1,upper
405,208.283,900.041,429.4,1,upper
406,348.711,892.66,504.08,1,upper
407,562.973,72.128,446.656,1,upper
408,291.712,630.472,422.679,1,upper
409,542.544,361.592,391.496,1,upper
410,-128.272,282.302,386.887,1,upper
411,180.636,159.197,406.082,1,upper
412,87.647,376.898,410.217,1,upper
413,172.81,587.282,414.448,1,upper
414,280.197,521.879,452.569,1,upper
415,335.839,502.574,459.423,1,upper
416,545.999,173.909,428.541,1,upper
417,387.495,832.288,485.8,1,upper
418,452.697,659.762,466.179,1,upper
419,518.128,365.412,444.322,1,upper
420,541.627,756.362,454.445,1,upper
421,411.101,70.263,407.173,1,upper
422,188.655,665.928,412.172,1,upper
423,490.3,786.696,461.509,1,upper
424,144.574,700.937,398.63,1,upper
425,563.258,423.329,403.638,1,upper
426,481.339,739.527,427.545,1,upper
427,-12.366,691.694,421.272,1,upper
428,109.662,435.812,370.517,1,upper
429,218.964,737.596,425.618,1,upper
430,-166.951,619.403,393.459,1,upper
431,-170.469,630.953,349.773,1,upper
432,-59.439,394.282,380.918,1,upper
433,459.525,285.029,413.717,1,upper
434,13.551,132.992,421.384,1,upper
435,475.429,56.599,420.164,1,upper
436,240.97,604.019,425.376,1,upper
437,594.834,583.184,445.592,1,upper
438,151.293,222.574,416.259,1,upper
439,-4.305,125.223,401.973,1,upper
440,145.306,242.656,443.163,1,upper
441,-146.757,172.492,331.477,1,upper
442,232.309,310.714,389.886,1,upper
443,303.478,680.807,463.495,1,upper
444,607.51,834.166,449.703,1,upper
445,-177.895,271.488,325.769,1,upper
446,444.726,902.752,486.489,1,upper
447,151.474,705.028,442.249,1,upper
448,278.145,232.636,444.676,1,upper
449,156.943,522.115,430.666,1,upper
450,243.891,549.911,463.462,1,upper
451,-70.75,474.743,355.266,1,upper
452,348.224,204.714,401.642,1,upper
453,-97.159,603.194,392.796,1,upper
454,4.361,804.235,388.703,1,upper
455,292.978,786.878,468.779,1,upper
456,-116.787,444.552,331.118,1,upper
457,595.797,599.797,415.869,1,upper
458,126.667,355.184,398.442,1,upper
459,466.262,552.485,462.944,1,upper
460,359.88,194.042,405.755,1,upper
461,-165.247,614.169,357.774,1,upper
462,167.099,266.053,409.26,1,upper
463,79.906,787.635,405.674,1,upper
464,160.737,559.935,444.298,1,upper
465,608.355,352.028,370.407,1,upper
466,-162.342,411.105,332.788,1,upper
467,589.807,571.175,399.629,1,upper
468,-172.886,756.928,401.032,1,upper
469,393.767,562.848,442.677,1,upper
470,-152.08,72.258,405.658,1,upper
471,-127.506,413.077,395.042,1,upper
472,477.461,276.777,444.872,1,upper
473,173.77,265.623,402.853,1,upper
474,466.05,75.542,451.14,1,upper
475,243.401,546.949,409.003,1,upper
476,376.664,527.878,428.738,1,upper
477,-72.272,310.638,356.141,1,upper
478,260.867,827.237,463.021,1,upper
479,116.671,682.066,441.291,1,upper
480,206.9,333.026,444.199,1,upper
481,522.425,850.723,417.673,1,upper
482,-120.393,814.711,434.561,1,upper
483,362.808,217.054,412.937,1,upper
484,324.649,106.296,450.887,1,upper
485,600.068,613.623,428.534,1,upper
486,-134.636,533.584,333.69,1,upper
487,-23.865,345.688,345.306,1,upper
488,241.081,496.484,414.602,1,upper
489,369.446,427.761,453.092,1,upper
490,110.472,130.92,445.314,1,upper
491,103.561,770.566,434.912,1,upper
492,-92.954,79.344,341.72,1,upper
493,-70.471,557.271,394.627,1,upper
494,287.342,774.662,467.146,1,upper
495,436.31,756.977,423.125,1,upper
496,-124.668,214.864,380.751,1,upper
497,180.218,485.547,379.239,1,upper
498,270.187,82.294,425.331,1,upper
499,593.668,621.868,448.222,1,upper
500,600.24,359.283,440.97,1,upper
501,-20.946,669.231,381.005,1,upper
502,521.461,147.98,398.167,1,upper
503,39.871,294.542,397.296,1,upper
504,253.358,514.554,400.412,1,upper
505,508.209,48.775,393.643,1,upper
506,267.215,542.385,430.295,1,upper
507,387.782,396.214,447.656,1,upper
508,-103.211,109.346,358.067,1,upper
509,-117.194,478.539,391.019,1,upper
510,-9.709,909.935,408.888,1,upper
511,0.53,524.022,360.054,1,upper
512,435.693,47.358,443.326,1,upper
513,-157.741,722.652,340.156,1,upper
514,277.885,169.833,421.966,1,upper
515,496.501,746.207,454.12,1,upper
516,307.528,902.556,480.097,1,upper
517,242.64,351.232,453.884,1,upper
518,470.148,448.464,385.43,1,upper
519,509.59,227.493,438.399,1,upper
520,-157.907,721.286,372.062,1,upper
521,41.48,780.92,442.874,1,upper
522,165.095,774.425,463.856,1,upper
523,157.845,347.48,398.259,1,upper
524,207.801,634.095,465.229,1,upper
525,197.868,731.415,441.0,1,upper
526,328.649,85.499,441.239,1,upper
527,407.644,144.119,428.388,1,upper
528,501.503,174.681,420.475,1,upper
529,583.133,469.737,387.806,1,upper
530,-139.031,552.087,332.574,1,upper
531,361.01,275.236,413.316,1,upper
532,362.329,158.071,396.058,1,upper
533,141.58,406.828,416.47,1,upper
534,370.911,151.035,452.595,1,upper
535,536.685,688.037,456.842,1,upper
536,-59.005,639.051,363.461,1,upper
537,38.93,325.092,427.883,1,upper
538,337.444,192.223,417.564,1,upper
539,446.284,595.183,431.985,1,upper
540,-59.607,308.062,409.938,1,upper
541,494.333,314.252,415.551,1,upper
542,88.373,694.278,400.836,1,upper
543,474.953,75.497,442.626,1,upper
544,70.334,348.242,366.538,1,upper
545,579.084,397.191,405.889,1,upper
546,293.508,772.307,420.968,1,upper
547,-157.838,156.242,403.205,1,upper
548,248.763,835.352,439.159,1,upper
549,518.523,389.469,402.565,1,upper
550,24.521,896.846,440.164,1,upper
551,311.757,435.508,436.772,1,upper
552,-85.781,236.999,398.202,1,upper
553,-76.446,267.116,342.413,1,upper
554,315.72,211.254,452.667,1,upper
555,109.369,414.863,362.328,1,upper
556,-84.226,77.248,395.236,1,upper
557,285.87,644.381,408.458,1,upper
558,398.232,191.456,465.788,1,upper
559,244.207,756.988,410.145,1,upper
560,367.878,603.595,466.933,1,upper
561,-59.915,484.102,380.935,1,upper
562,-170.078,793.447,350.748,1,upper
563,408.597,758.638,473.198,1,upper
564,-153.095,459.391,387.329,1,upper
565,339.508,205.291,449.78,1,upper
566,170.009,838.297,441.486,1,upper
567,7.915,721.443,385.529,1,upper
568,-171.223,473.102,370.447,1,upper
569,563.119,155.762,401.355,1,upper
570,585.512,815.685,411.828,1,upper
571,-166.695,170.813,339.509,1,upper
572,24.893,295.563,420.176,1,upper
573,15.203,555.955,397.861,1,upper
574,579.229,514.279,415.837,1,upper
575,613.774,62.953,414.415,1,upper
576,281.933,160.715,460.719,1,upper
577,409.164,60.905,456.216,1,upper
578,569.167,462.127,383.717,1,upper
579,-35.872,636.035,360.417,1,upper
580,-12.886,596.693,356.083,1,upper
581,439.363,120.329,422.02,1,upper
582,630.932,534.742,434.859,1,upper
583,-48.762,822.204,429.048,1,upper
584,140.476,61.371,430.762,1,upper
585,16.286,610.343,407.431,1,upper
586,588.419,264.888,408.734,1,upper
587,86.098,593.17,436.426,1,upper
588,-81.212,210.446,337.947,1,upper
589,46.939,267.799,389.587,1,upper
590,-175.623,182.487,337.548,1,upper
591,471.504,287.253,416.664,1,upper
592,330.77,549.045,412.421,1,upper
593,56.233,274.391,365.058,1,upper
594,520.347,260.699,451.498,1,upper
595,76.406,779.825,445.746,1,upper
596,530.016,631.378,462.679,1,upper
597,-165.278,270.99,386.375,1,upper
598,143.693,346.015,428.356,1,upper
599,454.293,617.211,406.403,1,upper
600,-55.899,254.247,370.715,1,upper
601,326.179,410.644,425.97,1,upper
602,-144.825,719.318,385.586,1,upper
603,541.167,505.291,400.08,1,upper
604,-171.651,235.747,366.322,1,upper
605,44.674,412.567,356.923,1,upper
606,239.763,627.16,429.141,1,upper
607,444.845,69.375,411.576,1,upper
608,245.25,427.184,446.158,1,upper
609,-17.063,754.337,445.063,1,upper
610,394.634,904.252,478.488,1,upper
611,323.724,395.533,454.021,1,upper
612,295.61,444.302,452.638,1,upper
613,-178.924,790.212,380.935,1,upper
614,224.481,99.931,411.605,1,upper
615,581.874,703.86,463.71,1,upper
616,-5.749,448.386,390.099,1,upper
617,214.695,381.111,407.592,1,upper
618,412.067,111.769,421.208,1,upper
619,506.586,505.524,434.183,1,upper
620,-156.562,99.983,371.158,1,upper
621,600.823,674.163,464.369,1,upper
622,1.332,258.88,406.967,1,upper
623,548.964,381.681,391.798,1,upper
624,39.272,459.529,371.489,1,upper
625,134.968,534.569,379.028,1,upper
626,-67.289,720.487,388.454,1,upper
627,-8.534,236.124,423.123,1,upper
628,-63.746,614.927,377.257,1,upper
629,-138.175,808.432,402.718,1,upper
630,241.803,494.016,453.461,1,upper
631,140.821,825.688,418.619,1,upper
632,540.096,602.816,451.922,1,upper
633,4.9,751.548,418.684,1,upper
634,148.623,905.194,439.781,1,upper
635,514.501,783.802,478.467,1,upper
636,520.251,917.155,478.201,1,upper
637,138.386,551.375,423.828,1,upper
638,68.885,753.982,456.888,1,upper
639,12.325,118.201,376.409,1,upper
640,238.515,720.61,413.438,1,upper
641,205.131,74.665,421.514,1,upper
642,47.958,619.767,399.502,1,upper
643,456.424,178.736,411.709,1,upper
644,441.62,836.554,422.678,1,upper
645,482.175,245.242,437.093,1,upper
646,164.686,907.298,457.625,1,upper
647,495.499,871.627,498.677,1,upper
648,262.738,220.796,462.651,1,upper
649,429.354,101.112,455.557,1,upper
650,362.117,255.292,419.386,1,upper
651,397.686,403.071,403.235,1,upper
652,213.488,639.208,411.021,1,upper
653,150.052,133.928,429.031,1,upper
654,248.212,135.978,459.313,1,upper
655,-121.391,240.938,386.909,1,upper
656,184.911,880.383,480.275,1,upper
657,-53.424,413.665,366.566,1,upper
658,88.344,876.691,417.454,1,upper
659,582.97,679.337,419.609,1,upper
660,316.645,227.202,432.029,1,upper
661,20.246,717.664,438.172,1,upper
662,168.622,847.738,483.503,1,upper
663,340.235,829.829,448.269,1,upper
664,134.016,169.923,405.786,1,upper
665,588.345,165.046,454.145,1,upper
666,497.124,741.415,413.646,1,upper
667,-133.926,501.033,377.801,1,upper
668,390.4,346.68,451.203,1,upper
669,-176.467,749.033,416.259,1,upper
670,-19.94,321.453,398.12,1,upper
671,360.492,807.288,485.312,1,upper
672,474.097,256.413,455.883,1,upper
673,191.193,274.264,382.927,1,upper
674,-142.562,901.232,360.418,1,upper
675,-29.749,461.716,381.525,1,upper
676,267.734,428.719,399.462,1,upper
677,388.064,218.719,451.846,1,upper
678,38.241,817.536,407.775,1,upper
679,621.052,83.845,401.434,1,upper
680,528.71,825.39,437.821,1,upper
681,-180.008,110.339,354.822,1,upper
682,517.989,657.211,470.896,1,upper
683,438.649,643.97,471.419,1,upper
684,294.99,724.639,412.16,1,upper
685,-182.281,814.154,366.662,1,upper
686,329.114,293.185,438.617,1,upper
687,170.712,806.643,453.065,1,upper
688,-134.728,892.663,364.737,1,upper
689,-65.771,372.389,372.886,1,upper
690,526.711,895.085,453.288,1,upper
691,444.243,859.452,487.642,1,upper
692,459.411,517.522,398.065,1,upper
693,532.979,527.403,452.874,1,upper
694,587.724,735.403,469.155,1,upper
695,487.473,161.052,444.118,1,upper
696,-27.632,867.655,398.859,1,upper
697,41.177,707.773,446.862,1,upper
698,391.588,148.233,404.418,1,upper
699,538.857,498.532,431.434,1,upper
700,88.223,101.09,379.943,1,upper
701,223.117,292.513,458.623,1,upper
702,-69.112,176.851,349.852,1,upper
703,12.683,258.836,398.812,1,upper
704,347.997,236.306,404.875,1,upper
705,-154.948,461.125,391.519,1,upper
706,-4.523,718.053,421.441,1,upper
707,-10.212,292.781,383.167,1,upper
708,559.876,500.862,414.126,1,upper
709,597.743,606.326,413.176,1,upper
710,-151.553,698.042,365.881,1,upper
711,553.522,54.721,431.195,1,upper
712,-143.655,836.172,397.814,1,upper
713,573.893,339.498,405.575,1,upper
714,487.438,476.645,431.035,1,upper
715,628.294,721.531,452.178,1,upper
716,67.23,244.838,435.491,1,upper
717,363.245,660.801,474.928,1,upper
718,574.725,359.588,392.632,1,upper
719,60.433,840.725,399.81,1,upper
720,337.742,357.125,441.887,1,upper
721,147.024,421.81,389.558,1,upper
722,359.878,54.78,420.152,1,upper
723,329.607,638.199,468.834,1,upper
724,-50.205,714.76,372.371,1,upper
725,11.302,733.658,378.059,1,upper
726,617.087,579.525,380.18,1,upper
727,336.105,749.401,456.466,1,upper
728,590.052,853.593,457.346,1,upper
729,-64.139,103.678,350.239,1,upper
730,196.594,586.939,413.631,1,upper
731,4.719,505.054,421.265,1,upper
732,-76.389,775.101,421.568,1,upper
733,-186.185,620.383,340.895,1,upper
734,320.172,343.226,393.823,1,upper
735,176.818,60.959,453.778,1,upper
736,78.714,313.26,398.798,1,upper
737,237.9,346.228,389.217,1,upper
738,496.708,94.379,449.643,1,upper
739,560.042,755.617,409.518,1,upper
740,211.826,309.686,455.354,1,upper
741,625.731,646.016,403.528,1,upper
742,215.956,135.778,400.193,1,upper
743,517.945,394.502,447.039,1,upper
744,355.728,880.226,480.743,1,upper
745,441.105,386.213,417.727,1,upper
746,-52.592,288.819,351.448,1,upper
747,-122.301,486.767,381.782,1,upper
748,509.058,306.105,452.324,1,upper
749,-22.228,131.322,372.589,1,upper
750,-130.182,151.02,402.434,1,upper
751,357.92,245.219,443.511,1,upper
752,39.202,52.052,392.629,1,upper
753,196.84,756.143,409.706,1,upper
754,619.909,194.397,423.734,1,upper
755,300.149,311.336,425.774,1,upper
756,21.238,535.128,387.442,1,upper
757,-159.927,893.547,415.524,1,upper
758,628.255,228.002,444.487,1,upper
759,-93.54,819.053,402.272,1,upper
760,385.201,569.67,464.887,1,upper
761,468.756,611.789,445.211,1,upper
762,161.962,656.036,413.59,1,upper
763,-120.12,147.735,372.567,1,upper
764,531.691,747.648,478.449,1,upper
765,328.81,81.145,473.226,1,upper
766,-100.599,157.573,408.742,1,upper
767,526.9,206.231,390.275,1,upper
768,225.874,848.998,433.304,1,upper
769,154.784,809.217,428.009,1,upper
770,588.743,280.04,390.047,1,upper
771,-99.66,110.691,373.141,1,upper
772,150.942,673.666,441.083,1,upper
773,-65.318,333.498,357.604,1,upper
774,-37.871,880.589,391.117,1,upper
775,-130.947,702.367,377.505,1,upper
776,134.245,623.75,453.647,1,upper
777,585.917,777.942,435.938,1,upper
778,142.44,697.116,458.418,1,upper
779,38.429,565.619,433.968,1,upper
780,-113.083,385.235,372.283,1,upper
781,188.073,297.074,397.138,1,upper
782,529.594,375.817,415.475,1,upper
783,613.752,651.939,410.301,1,upper
784,235.827,545.186,437.306,1,upper
785,57.389,141.43,408.901,1,upper
786,581.517,667.919,391.342,1,upper
787,-162.993,127.663,359.918,1,upper
788,197.812,312.571,420.606,1,upper
789,629.954,614.915,414.725,1,upper
790,189.068,89.797,416.313,1,upper
791,603.677,757.976,464.78,1,upper
792,91.574,776.196,403.593,1,upper
793,14.268,183.419,371.694,1,upper
794,-93.619,910.164,402.561,1,upper
795,605.234,125.233,434.392,1,upper
796,387.744,544.609,453.733,1,upper
797,257.723,695.951,457.647,1,upper
798,317.106,314.78,403.384,1,upper
799,413.622,536.576,449.837,1,upper
800,554.159,820.069,482.979,1,upper
801,569.003,297.333,378.667,1,upper
802,-107.449,638.06,416.365,1,upper
803,527.061,788.696,463.164,1,upper
804,4.773,696.848,400.273,1,upper
805,394.648,444.609,453.112,1,upper
806,-9.249,523.759,394.315,1,upper
807,215.073,661.209,442.146,1,upper
808,580.442,896.126,462.714,1,upper
809,218.705,554.507,429.231,1,upper
810,-81.366,375.188,404.206,1,upper
811,283.374,439.589,388.632,1,upper
812,402.301,133.882,464.298,1,upper
813,298.104,807.58,460.491,1,upper
814,-127.894,478.981,378.083,1,upper
815,439.918,788.248,418.274,1,upper
816,538.535,890.118,473.93,1,upper
817,-12.856,871.209,394.68,1,upper
818,335.653,874.45,440.541,1,upper
819,96.674,261.919,431.711,1,upper
820,194.77,611.872,390.195,1,upper
821,-67.299,814.924,405.289,1,upper
822,604.306,283.363,427.756,1,upper
823,307.994,821.764,446.481,1,upper
824,563.606,514.687,440.7,1,upper
825,330.376,478.884,416.496,1,upper
826,-6.986,134.417,373.861,1,upper
827,450.785,324.658,437.25,1,upper
828,175.481,452.759,396.377,1,upper
829,54.898,836.811,413.115,1,upper
830,304.941,740.882,451.154,1,upper
831,523.033,396.928,402.144,1,upper
832,539.718,334.016,390.114,1,upper
833,626.831,331.515,427.525,1,upper
834,572.475,343.1,429.775,1,upper
835,310.397,58.377,431.635,1,upper
836,371.974,372.64,450.231,1,upper
837,11.232,286.282,353.528,1,upper
838,-35.93,84.456,368.932,1,upper
839,581.525,829.495,459.167,1,upper
840,256.217,738.594,449.2,1,upper
841,190.961,357.4,385.5,1,upper
842,78.053,217.404,421.064,1,upper
843,170.322,829.531,465.586,1,upper
844,232.419,772.145,453.051,1,upper
845,146.932,484.216,437.652,1,upper
846,-39.996,188.64,371.064,1,upper
847,-177.406,84.414,401.786,1,upper
848,294.351,411.033,395.411,1,upper
849,-89.494,248.248,380.742,1,upper
850,361.108,497.209,460.175,1,upper
851,306.344,269.853,436.702,1,upper
852,114.198,106.954,391.712,1,upper
853,118.451,173.346,411.694,1,upper
854,613.786,743.068,398.243,1,upper
855,532.601,545.598,400.57,1,upper
856,299.212,192.207,454.526,1,upper
857,548.68,115.199,445.86,1,upper
858,86.582,579.909,424.123,1,upper
859,-35.378,679.304,357.651,1,upper
860,424.894,488.488,463.234,1,upper
861,336.634,652.188,449.277,1,upper
862,143.449,393.266,405.248,1,upper
863,119.704,674.187,411.582,1,upper
864,542.527,669.574,400.09,1,upper
865,163.72,208.078,391.142,1,upper
866,449.951,671.757,408.961,1,upper
867,116.056,215.947,377.241,1,upper
868,549.488,871.721,484.364,1,upper
869,9.992,55.177,421.017,1,upper
870,57.43,570.23,385.965,1,upper
871,295.277,743.378,411.574,1,upper
872,359.735,889.187,448.63,1,upper
873,257.142,408.058,432.657,1,upper
874,110.847,214.959,425.741,1,upper
875,-69.275,341.307,408.381,1,upper
876,492.395,142.97,407.691,1,upper
877,-122.37,315.196,393.195,1,upper
878,86.46,377.551,407.994,1,upper
879,118.622,337.484,439.861,1,upper
880,-75.738,571.705,374.321,1,upper
881,528.013,800.24,448.131,1,upper
882,461.122,869.388,471.692,1,upper
883,-185.731,283.224,344.767,1,upper
884,210.467,624.419,446.767,1,upper
885,103.562,113.778,417.758,1,upper
886,513.062,501.88,426.449,1,upper
887,210.031,905.455,458.9,1,upper
888,416.125,224.47,437.574,1,upper
889,93.573,184.167,421.837,1,upper
890,-93.806,648.383,371.612,1,upper
891,-144.061,502.398,333.314,1,upper
892,323.099,665.154,412.32,1,upper
893,611.195,551.434,445.61,1,upper
894,234.202,832.857,446.591,1,upper
895,242.928,531.633,392.726,1,upper
896,273.359,235.619,411.059,1,upper
897,-103.107,914.706,423.334,1,upper
898,301.237,116.196,442.285,1,upper
899,291.263,250.989,441.524,1,upper
900,-9.576,825.667,406.23,1,upper
901,-58.586,230.691,235.801,2,middle
902,514.192,310.966,370.78,2,middle
903,-98.057,781.557,288.001,2,middle
904,299.783,296.801,374.807,2,middle
905,60.465,100.944,317.608,2,middle
906,194.444,331.803,280.172,2,middle
907,34.076,597.737,261.985,2,middle
908,323.769,850.624,376.196,2,middle
909,-102.301,838.542,321.97,2,middle
910,-13.534,466.026,285.138,2,middle
911,488.387,505.378,345.682,2,middle
912,15.538,408.976,337.453,2,middle
913,-140.738,559.293,265.594,2,middle
914,268.48,301.8,345.831,2,middle
915,364.729,113.856,373.281,2,middle
916,343.146,308.73,300.26,2,middle
917,491.679,894.9,419.507,2,middle
918,407.632,509.201,328.696,2,middle
919,582.588,830.573,397.413,2,middle
920,302.563,914.871,340.622,2,middle
921,163.851,432.507,318.246,2,middle
922,438.607,399.102,286.807,2,middle
923,256.845,254.159,358.472,2,middle
924,-51.715,118.912,299.363,2,middle
925,93.633,60.827,310.16,2,middle
926,261.21,431.341,365.582,2,middle
927,431.495,715.585,360.38,2,middle
928,452.221,589.39,377.104,2,middle
929,603.328,320.847,358.955,2,middle
930,-37.205,593.48,255.42,2,middle
931,75.494,285.141,314.968,2,middle
932,478.755,615.709,339.911,2,middle
933,-34.905,756.294,276.101,2,middle
934,12.647,594.479,321.283,2,middle
935,428.092,853.361,394.881,2,middle
936,546.764,419.215,277.788,2,middle
937,569.718,529.822,294.799,2,middle
938,523.247,68.718,373.548,2,middle
939,616.323,870.926,339.218,2,middle
940,223.302,180.426,348.796,2,middle
941,280.029,631.567,334.155,2,middle
942,26.956,763.695,375.482,2,middle
943,383.227,328.865,384.758,2,middle
944,-150.278,541.376,251.306,2,middle
945,553.006,273.466,285.037,2,middle
946,31.255,264.417,260.448,2,middle
947,567.454,407.651,272.723,2,middle
948,116.884,73.708,277.516,2,middle
949,-31.525,865.657,270.124,2,middle
950,310.326,194.96,291.235,2,middle
951,-84.718,517.157,310.248,2,middle
952,-99.327,360.792,307.771,2,middle
953,-57.59,158.812,283.986,2,middle
954,402.487,201.941,330.329,2,middle
955,163.934,875.57,370.178,2,middle
956,377.996,289.919,333.302,2,middle
957,-164.44,641.15,273.614,2,middle
958,71.536,451.576,296.816,2,middle
959,470.13,786.518,381.459,2,middle
960,130.017,780.929,380.631,2,middle
961,115.351,132.528,340.214,2,middle
962,109.013,40.55,368.634,2,middle
963,63.821,512.204,262.009,2,middle
964,387.547,499.513,310.505,2,middle
965,480.437,493.666,344.14,2,middle
966,571.268,898.707,365.856,2,middle
967,518.018,101.997,373.563,2,middle
968,-132.361,398.396,314.866,2,middle
969,-60.29,677.191,296.831,2,middle
970,349.437,262.922,299.964,2,middle
971,-53.755,462.587,310.532,2,middle
972,559.279,722.87,377.648,2,middle
973,26.161,850.986,361.372,2,middle
974,-9.438,627.656,343.874,2,middle
975,521.484,332.5,372.442,2,middle
976,-39.931,839.76,317.276,2,middle
977,485.632,883.524,316.018,2,middle
978,-157.399,556.97,274.079,2,middle
979,550.334,539.395,368.906,2,middle
980,163.357,615.084,359.475,2,middle
981,293.383,369.794,327.632,2,middle
982,-108.726,748.226,264.423,2,middle
983,224.747,720.067,378.887,2,middle
984,-186.579,914.566,293.399,2,middle
985,-56.211,631.358,281.91,2,middle
986,201.595,653.151,296.61,2,middle
987,-45.5,327.204,260.479,2,middle
988,461.43,664.433,381.717,2,middle
989,123.595,573.931,264.358,2,middle
990,607.716,793.871,349.569,2,middle
991,280.729,241.137,293.986,2,middle
992,101.963,453.158,288.974,2,middle
993,-167.625,570.673,279.314,2,middle
994,568.562,155.573,382.369,2,middle
995,460.197,810.309,339.624,2,middle
996,215.024,179.464,356.352,2,middle
997,-74.015,884.091,350.986,2,middle
998,151.138,844.25,361.684,2,middle
999,150.543,164.472,352.917,2,middle
1000,570.48,406.188,312.729,2,middle
1001,316.411,118.984,337.871,2,middle
1002,-116.407,612.893,263.323,2,middle
1003,311.72,735.929,395.035,2,middle
1004,545.931,637.41,310.978,2,middle
1005,121.074,339.177,288.657,2,middle
1006,424.972,428.809,314.043,2,middle
1007,119.996,840.631,370.952,2,middle
1008,0.245,264.959,333.273,2,middle
1009,243.778,712.82,319.339,2,middle
1010,-96.346,557.274,253.783,2,middle
1011,154.258,270.211,317.397,2,middle
1012,163.887,233.481,317.362,2,middle
1013,609.978,648.605,341.978,2,middle
1014,241.726,834.31,313.873,2,middle
1015,571.741,829.455,384.841,2,middle
1016,533.446,172.503,285.673,2,middle
1017,-65.726,610.248,306.162,2,middle
1018,242.191,830.284,371.753,2,middle
1019,-99.123,640.959,315.858,2,middle
1020,255.846,267.557,346.386,2,middle
1021,-180.941,851.008,291.439,2,middle
1022,437.302,874.39,387.319,2,middle
1023,584.369,88.783,367.835,2,middle
1024,109.638,821.964,324.873,2,middle
1025,56.667,623.823,350.788,2,middle
1026,-131.417,269.851,285.78,2,middle
1027,329.905,838.518,362.512,2,middle
1028,316.806,483.865,342.175,2,middle
1029,274.856,699.449,348.423,2,middle
1030,395.299,579.794,318.554,2,middle
1031,-119.549,854.161,253.059,2,middle
1032,-165.866,225.636,316.311,2,middle
1033,-118.207,434.754,235.007,2,middle
1034,253.782,434.172,315.221,2,middle
1035,-20.956,103.245,277.241,2,middle
1036,495.585,67.469,323.091,2,middle
1037,100.26,382.768,252.893,2,middle
1038,-84.19,95.355,323.34,2,middle
1039,584.059,564.449,271.084,2,middle
1040,6.777,480.501,244.278,2,middle
1041,-149.843,585.224,272.706,2,middle
1042,538.98,545.185,368.574,2,middle
1043,83.33,80.421,331.197,2,middle
1044,-90.415,127.809,331.832,2,middle
1045,48.851,152.222,333.991,2,middle
1046,389.821,123.714,303.01,2,middle
1047,-117.006,898.345,274.68,2,middle
1048,418.762,606.817,336.433,2,middle
1049,446.853,840.015,322.362,2,middle
1050,233.466,633.123,391.258,2,middle
1051,190.455,231.787,287.978,2,middle
1052,532.819,468.48,308.027,2,middle
1053,-80.549,330.409,288.83,2,middle
1054,212.428,269.691,277.924,2,middle
1055,434.37,494.031,373.605,2,middle
1056,-51.78,718.139,341.514,2,middle
1057,565.065,580.965,286.966,2,middle
1058,47.528,521.561,307.628,2,middle
1059,-184.376,419.47,308.675,2,middle
1060,168.864,911.396,328.519,2,middle
1061,590.231,334.84,262.383,2,middle
1062,262.168,130.432,304.676,2,middle
1063,-72.057,705.602,350.881,2,middle
1064,-1.67,628.846,265.998,2,middle
1065,37.072,644.528,264.694,2,middle
1066,-75.801,711.221,257.939,2,middle
1067,56.754,593.353,271.092,2,middle
1068,558.543,714.836,307.759,2,middle
1069,-149.063,398.22,253.901,2,middle
1070,297.417,492.384,285.534,2,middle
1071,106.08,252.094,364.839,2,middle
1072,357.703,522.022,336.622,2,middle
1073,101.795,140.016,326.601,2,middle
1074,98.935,209.226,342.119,2,middle
1075,-20.937,806.492,303.367,2,middle
1076,254.79,729.666,366.22,2,middle
1077,116.664,630.81,347.004,2,middle
1078,560.342,392.794,293.307,2,middle
1079,235.798,95.059,376.132,2,middle
1080,-88.432,266.352,286.08,2,middle
1081,-20.559,184.711,317.087,2,middle
1082,-186.376,562.332,223.472,2,middle
1083,113.3,213.669,323.473,2,middle
1084,-95.452,491.818,319.472,2,middle
1085,390.886,690.304,299.56,2,middle
1086,284.658,388.289,302.299,2,middle
1087,-39.024,101.008,306.085,2,middle
1088,84.512,353.775,272.362,2,middle
1089,419.406,272.997,324.989,2,middle
1090,-142.029,137.102,261.662,2,middle
1091,-168.623,627.159,297.869,2,middle
1092,259.143,376.271,338.926,2,middle
1093,247.521,465.537,374.871,2,middle
1094,-105.318,86.256,262.449,2,middle
1095,-48.237,102.911,327.139,2,middle
1096,420.162,521.713,360.312,2,middle
1097,357.303,310.074,365.872,2,middle
1098,7.415,627.579,311.64,2,middle
1099,-4.853,141.182,340.917,2,middle
1100,40.079,470.128,322.449,2,middle
1101,566.693,888.581,389.64,2,middle
1102,182.058,542.352,357.9,2,middle
1103,584.482,64.114,280.724,2,middle
1104,-131.969,587.012,223.264,2,middle
1105,55.457,81.263,334.198,2,middle
1106,500.889,871.734,415.202,2,middle
1107,551.772,203.541,322.65,2,middle
1108,215.987,574.081,360.932,2,middle
1109,386.762,685.197,348.765,2,middle
1110,-26.947,186.701,345.136,2,middle
1111,-186.837,183.376,290.097,2,middle
1112,211.03,84.899,343.914,2,middle
1113,101.184,592.565,313.206,2,middle
1114,519.183,871.808,334.571,2,middle
1115,-153.5,874.98,325.852,2,middle
1116,91.771,154.539,310.228,2,middle
1117,55.364,154.672,318.446,2,middle
1118,353.361,362.973,382.467,2,middle
1119,-52.813,632.838,322.693,2,middle
1120,95.693,456.507,276.208,2,middle
1121,148.575,370.106,278.994,2,middle
1122,309.176,914.93,369.576,2,middle
1123,354.197,755.157,334.591,2,middle
1124,168.637,610.577,370.079,2,middle
1125,391.101,225.879,366.588,2,middle
1126,-27.984,608.4,243.841,2,middle
1127,170.829,545.739,315.797,2,middle
1128,-91.76,788.345,286.753,2,middle
1129,-84.237,258.782,231.972,2,middle
1130,239.424,103.6,298.983,2,middle
1131,77.073,781.851,377.004,2,middle
1132,-27.436,592.965,303.131,2,middle
1133,603.647,415.801,331.341,2,middle
1134,543.307,453.514,280.543,2,middle
1135,288.554,500.051,291.753,2,middle
1136,529.562,833.288,318.644,2,middle
1137,292.593,243.593,383.667,2,middle
1138,546.768,548.052,361.353,2,middle
1139,92.335,890.637,311.16,2,middle
1140,348.215,601.245,327.349,2,middle
1141,71.477,571.449,348.799,2,middle
1142,429.449,737.725,408.027,2,middle
1143,-47.575,836.891,339.174,2,middle
1144,113.302,76.506,372.297,2,middle
1145,607.324,649.398,368.519,2,middle
1146,370.502,396.575,359.679,2,middle
1147,218.713,187.14,375.347,2,middle
1148,537.797,226.509,331.053,2,middle
1149,272.911,319.991,347.713,2,middle
1150,203.038,898.868,411.613,2,middle
1151,295.26,639.687,303.741,2,middle
1152,512.804,781.794,380.82,2,middle
1153,-8.223,606.002,291.194,2,middle
1154,477.601,63.723,309.375,2,middle
1155,392.58,116.723,345.268,2,middle
1156,458.631,747.969,311.845,2,middle
1157,40.233,743.866,365.513,2,middle
1158,334.846,112.467,333.996,2,middle
1159,323.438,236.193,318.691,2,middle
1160,-126.293,871.209,308.619,2,middle
1161,232.213,85.894,288.359,2,middle
1162,473.158,700.368,394.535,2,middle
1163,373.725,44.918,290.374,2,middle
1164,147.456,238.324,309.912,2,middle
1165,-84.463,484.517,275.658,2,middle
1166,52.308,442.278,324.1,2,middle
1167,259.999,519.401,322.883,2,middle
1168,59.039,187.377,294.275,2,middle
1169,140.583,451.057,347.168,2,middle
1170,428.476,243.332,383.082,2,middle
1171,-14.01,665.877,269.846,2,middle
1172,-47.745,809.846,306.496,2,middle
1173,227.153,314.238,307.948,2,middle
1174,-147.915,461.164,283.393,2,middle
1175,268.89,322.071,334.697,2,middle
1176,249.201,783.798,331.321,2,middle
1177,-180.384,434.547,271.015,2,middle
1178,-178.059,494.258,268.593,2,middle
1179,171.388,553.082,266.795,2,middle
1180,173.523,531.397,325.67,2,middle
1181,343.78,891.232,326.6,2,middle
1182,-5.907,824.87,319.792,2,middle
1183,302.657,670.754,300.861,2,middle
1184,598.974,478.237,299.997,2,middle
1185,393.022,558.021,346.496,2,middle
1186,591.921,560.134,348.373,2,middle
1187,561.767,180.073,296.695,2,middle
1188,308.081,805.842,379.788,2,middle
1189,513.212,774.522,307.615,2,middle
1190,511.62,422.563,292.765,2,middle
1191,-142.528,174.568,220.367,2,middle
1192,-6.708,367.389,299.25,2,middle
1193,139.22,839.373,368.171,2,middle
1194,585.241,669.99,348.988,2,middle
1195,339.364,371.933,281.846,2,middle
1196,-115.71,292.085,321.064,2,middle
1197,137.775,803.49,395.996,2,middle
1198,461.482,374.858,360.012,2,middle
1199,423.293,297.225,380.493,2,middle
1200,271.289,700.292,322.388,2,middle
1201,461.306,552.993,280.106,2,middle
1202,24.576,712.258,306.786,2,middle
1203,401.426,347.791,315.823,2,middle
1204,-166.421,419.423,259.58,2,middle
1205,155.461,596.67,358.506,2,middle
1206,59.538,879.476,352.238,2,middle
1207,421.936,271.491,327.515,2,middle
1208,-73.087,695.053,263.492,2,middle
1209,10.526,404.79,252.303,2,middle
1210,207.745,429.082,321.328,2,middle
1211,170.317,579.446,349.699,2,middle
1212,-149.563,129.532,234.97,2,middle
1213,-25.367,594.238,273.418,2,middle
1214,77.103,538.376,347.125,2,middle
1215,359.791,156.02,333.754,2,middle
1216,-43.417,501.772,235.078,2,middle
1217,512.886,400.254,272.797,2,middle
1218,397.284,781.81,308.424,2,middle
1219,-107.296,216.703,222.912,2,middle
1220,85.375,407.509,289.343,2,middle
1221,67.615,162.78,342.172,2,middle
1222,340.77,46.897,313.92,2,middle
1223,262.536,685.132,359.432,2,middle
1224,625.375,640.936,346.031,2,middle
1225,309.574,266.017,368.621,2,middle
1226,442.542,278.019,303.102,2,middle
1227,398.053,535.606,381.769,2,middle
1228,274.252,207.614,321.995,2,middle
1229,317.533,300.244,364.37,2,middle
1230,242.479,470.246,279.569,2,middle
1231,-116.073,141.096,315.249,2,middle
1232,266.513,352.452,312.923,2,middle
1233,-57.328,451.75,256.503,2,middle
1234,411.559,699.368,345.573,2,middle
1235,167.281,148.73,346.522,2,middle
1236,55.545,360.199,307.72,2,middle
1237,-29.426,432.164,322.753,2,middle
1238,293.846,166.588,372.745,2,middle
1239,238.559,139.575,323.066,2,middle
1240,87.781,480.883,341.685,2,middle
1241,517.978,59.553,306.181,2,middle
1242,-181.355,745.954,300.997,2,middle
1243,169.965,749.955,329.083,2,middle
1244,383.893,273.827,295.776,2,middle
1245,579.949,377.316,362.364,2,middle
1246,-145.536,236.967,224.325,2,middle
1247,-183.046,679.647,292.026,2,middle
1248,230.282,551.248,381.829,2,middle
1249,182.575,285.607,337.483,2,middle
1250,251.61,823.874,384.128,2,middle
1251,295.091,449.807,375.572,2,middle
1252,512.542,185.086,287.543,2,middle
1253,93.469,176.184,306.448,2,middle
1254,234.705,704.929,352.669,2,middle
1255,-137.012,477.06,291.9,2,middle
1256,467.732,625.653,325.871,2,middle
1257,465.764,394.882,333.007,2,middle
1258,152.38,720.951,380.113,2,middle
1259,-107.377,858.935,268.565,2,middle
1260,-50.921,236.374,329.084,2,middle
1261,80.698,670.249,345.467,2,middle
1262,26.667,200.399,288.031,2,middle
1263,355.046,330.414,348.77,2,middle
1264,568.275,695.997,329.808,2,middle
1265,592.043,509.776,280.531,2,middle
1266,441.674,647.971,338.037,2,middle
1267,199.992,904.815,380.169,2,middle
1268,322.399,112.584,352.098,2,middle
1269,-17.089,518.171,317.769,2,middle
1270,281.921,502.798,345.399,2,middle
1271,333.104,622.955,297.793,2,middle
1272,-10.161,630.948,325.666,2,middle
1273,507.11,233.712,323.066,2,middle
1274,101.756,255.97,315.665,2,middle
1275,-93.025,768.759,267.468,2,middle
1276,-125.104,301.419,249.667,2,middle
1277,-30.099,839.047,275.888,2,middle
1278,338.146,375.578,275.696,2,middle
1279,581.936,775.531,311.946,2,middle
1280,146.487,694.026,322.854,2,middle
1281,-149.232,210.82,322.14,2,middle
1282,494.421,614.546,317.66,2,middle
1283,302.734,549.013,342.524,2,middle
1284,175.803,78.04,313.826,2,middle
1285,-25.94,854.999,280.219,2,middle
1286,492.753,342.885,349.52,2,middle
1287,509.208,321.265,292.722,2,middle
1288,306.505,489.554,382.324,2,middle
1289,-150.388,361.23,298.353,2,middle
1290,4.023,910.643,286.302,2,middle
1291,357.098,132.612,318.539,2,middle
1292,35.558,479.898,279.271,2,middle
1293,477.302,859.03,360.05,2,middle
1294,216.637,469.202,348.459,2,middle
1295,444.373,73.555,288.525,2,middle
1296,-72.834,292.422,233.868,2,middle
1297,491.724,782.894,403.109,2,middle
1298,192.519,245.208,269.411,2,middle
1299,41.521,81.661,329.165,2,middle
1300,-98.947,102.628,265.184,2,middle
1301,-40.445,861.111,304.861,2,middle
1302,230.309,470.167,374.526,2,middle
1303,281.059,556.748,282.855,2,middle
1304,398.129,199.272,291.671,2,middle
1305,93.079,577.813,360.137,2,middle
1306,-79.033,102.18,312.695,2,middle
1307,125.756,760.394,293.295,2,middle
1308,370.995,340.564,349.761,2,middle
1309,559.386,644.375,283.34,2,middle
1310,561.422,513.274,353.906,2,middle
1311,-63.765,573.792,256.275,2,middle
1312,418.138,350.471,301.35,2,middle
1313,123.308,180.166,272.048,2,middle
1314,518.019,539.998,324.766,2,middle
1315,-106.532,730.524,321.291,2,middle
1316,-113.642,531.979,300.963,2,middle
1317,369.752,385.168,366.814,2,middle
1318,501.07,595.969,328.686,2,middle
1319,202.46,213.656,374.803,2,middle
1320,168.286,60.012,307.284,2,middle
1321,-15.643,609.553,331.246,2,middle
1322,63.099,503.953,264.022,2,middle
1323,439.31,859.289,329.816,2,middle
1324,37.267,297.268,309.527,2,middle
1325,-29.142,75.915,254.242,2,middle
1326,587.842,213.977,322.943,2,middle
1327,203.544,882.859,321.761,2,middle
1328,-15.526,71.348,329.082,2,middle
1329,-124.327,128.987,305.919,2,middle
1330,551.644,90.759,301.355,2,middle
1331,-186.643,237.766,210.099,2,middle
1332,378.835,470.063,379.509,2,middle
1333,-63.898,559.053,314.237,2,middle
1334,552.898,103.598,310.1,2,middle
1335,317.8,781.3,325.73,2,middle
1336,79.553,529.074,255.093,2,middle
1337,125.902,202.331,316.856,2,middle
1338,361.574,460.237,346.266,2,middle
1339,231.742,352.398,345.757,2,middle
1340,-16.367,101.346,272.632,2,middle
1341,495.768,426.237,347.38,2,middle
1342,508.821,276.273,299.048,2,middle
1343,107.979,65.472,299.271,2,middle
1344,321.391,889.472,415.396,2,middle
1345,-143.396,877.802,261.076,2,middle
1346,-11.613,844.923,288.258,2,middle
1347,46.438,603.732,288.728,2,middle
1348,156.149,355.515,366.324,2,middle
1349,229.885,794.651,365.274,2,middle
1350,543.369,192.591,325.063,2,middle
1351,298.369,199.165,292.201,2,middle
1352,270.813,751.485,314.058,2,middle
1353,-4.522,511.33,317.031,2,middle
1354,416.301,301.231,354.798,2,middle
1355,232.136,600.531,299.213,2,middle
1356,-31.707,285.296,236.954,2,middle
1357,485.575,185.915,347.304,2,middle
1358,620.865,586.076,340.431,2,middle
1359,223.58,850.23,356.987,2,middle
1360,-138.789,45.492,311.814,2,middle
1361,609.527,726.069,307.214,2,middle
1362,470.181,550.907,371.263,2,middle
1363,19.224,172.236,245.831,2,middle
1364,22.3,653.753,323.491,2,middle
1365,273.431,734.504,312.623,2,middle
1366,501.054,830.251,321.222,2,middle
1367,-23.446,76.157,349.173,2,middle
1368,39.018,614.205,273.927,2,middle
1369,91.547,473.628,345.138,2,middle
1370,341.36,440.55,377.306,2,middle
1371,482.268,128.567,285.428,2,middle
1372,-176.132,533.281,208.588,2,middle
1373,269.361,392.962,345.596,2,middle
1374,557.307,504.254,303.76,2,middle
1375,512.244,320.923,378.342,2,middle
1376,587.187,849.441,348.759,2,middle
1377,429.05,764.988,395.944,2,middle
1378,58.16,581.807,343.559,2,middle
1379,330.513,85.899,370.784,2,middle
1380,493.906,187.177,372.319,2,middle
1381,341.892,182.298,297.586,2,middle
1382,595.8,202.862,325.299,2,middle
1383,-167.295,716.788,252.915,2,middle
1384,583.596,565.345,297.509,2,middle
1385,490.917,363.923,362.348,2,middle
1386,603.269,211.3,307.8,2,middle
1387,41.664,367.07,271.433,2,middle
1388,173.049,903.696,330.786,2,middle
1389,268.446,753.735,375.478,2,middle
1390,509.481,912.661,419.245,2,middle
1391,305.951,472.197,275.146,2,middle
1392,112.098,290.621,310.597,2,middle
1393,413.812,622.753,377.241,2,middle
1394,404.919,759.343,333.021,2,middle
1395,257.255,447.956,309.771,2,middle
1396,-128.188,826.735,317.87,2,middle
1397,381.444,504.281,298.223,2,middle
1398,566.09,277.91,282.122,2,middle
1399,-102.146,179.949,314.917,2,middle
1400,604.062,514.581,293.015,2,middle
1401,59.697,828.786,343.37,2,middle
1402,433.577,189.808,386.129,2,middle
1403,-22.005,784.054,284.505,2,middle
1404,328.648,510.527,276.487,2,middle
1405,48.508,535.344,289.137,2,middle
1406,49.163,894.2,364.463,2,middle
1407,189.501,736.74,349.891,2,middle
1408,178.626,614.796,371.088,2,middle
1409,553.03,69.298,383.568,2,middle
1410,600.536,755.407,339.656,2,middle
1411,358.467,270.097,352.466,2,middle
1412,91.309,562.232,269.905,2,middle
1413,-119.209,379.66,317.245,2,middle
1414,-167.156,254.359,295.912,2,middle
1415,576.393,512.595,352.225,2,middle
1416,-100.105,848.237,331.457,2,middle
1417,250.003,118.195,354.702,2,middle
1418,284.675,742.096,334.618,2,middle
1419,288.478,857.214,385.134,2,middle
1420,297.879,898.101,323.802,2,middle
1421,-114.23,381.854,291.391,2,middle
1422,222.143,743.649,393.489,2,middle
1423,362.691,435.598,343.182,2,middle
1424,-76.048,858.582,350.917,2,middle
1425,614.956,272.328,265.855,2,middle
1426,371.224,256.98,356.584,2,middle
1427,403.849,65.488,366.127,2,middle
1428,277.286,839.977,392.94,2,middle
1429,324.713,613.388,319.862,2,middle
1430,-114.148,383.556,247.612,2,middle
1431,560.293,619.278,373.053,2,middle
1432,-88.138,175.353,248.609,2,middle
1433,345.898,236.403,374.156,2,middle
1434,581.373,137.904,305.879,2,middle
1435,136.247,92.692,298.082,2,middle
1436,267.57,440.133,334.789,2,middle
1437,595.86,153.153,363.05,2,middle
1438,325.527,760.581,342.524,2,middle
1439,-170.369,257.572,309.463,2,middle
1440,-146.232,468.263,211.039,2,middle
1441,-83.105,190.516,324.488,2,middle
1442,171.707,682.67,314.08,2,middle
1443,-147.569,789.969,306.44,2,middle
1444,171.944,484.321,302.004,2,middle
1445,333.552,128.862,342.037,2,middle
1446,180.667,791.803,319.701,2,middle
1447,425.887,817.588,332.391,2,middle
1448,306.961,259.622,360.151,2,middle
1449,-81.698,58.582,308.0,2,middle
1450,-143.418,723.793,255.587,2,middle
1451,-127.917,696.485,324.72,2,middle
1452,6.364,695.404,339.922,2,middle
1453,387.598,737.427,351.709,2,middle
1454,103.312,87.351,343.48,2,middle
1455,628.041,450.2,318.455,2,middle
1456,590.049,654.219,368.704,2,middle
1457,-101.779,750.21,282.308,2,middle
1458,427.476,339.874,292.331,2,middle
1459,-182.536,831.306,293.197,2,middle
1460,589.828,371.652,326.058,2,middle
1461,167.686,445.506,340.325,2,middle
1462,317.448,87.183,326.736,2,middle
1463,-20.217,287.21,253.491,2,middle
1464,-40.991,57.372,306.184,2,middle
1465,616.226,763.285,330.586,2,middle
1466,-80.647,750.049,334.889,2,middle
1467,132.887,371.849,319.729,2,middle
1468,569.665,685.081,326.134,2,middle
1469,309.193,441.384,356.8,2,middle
1470,-2.866,620.974,342.347,2,middle
1471,415.284,640.923,322.018,2,middle
1472,288.597,320.332,338.918,2,middle
1473,384.493,211.511,372.221,2,middle
1474,-0.742,863.174,288.109,2,middle
1475,311.225,273.518,350.163,2,middle
1476,626.484,886.742,310.042,2,middle
1477,330.736,625.843,350.696,2,middle
1478,617.859,633.342,352.127,2,middle
1479,196.535,262.34,293.326,2,middle
1480,-51.94,386.587,294.656,2,middle
1481,511.829,602.775,286.852,2,middle
1482,50.714,200.783,317.827,2,middle
1483,-41.001,775.519,288.594,2,middle
1484,164.3,495.277,354.291,2,middle
1485,360.255,748.447,406.182,2,middle
1486,-24.482,794.902,322.095,2,middle
1487,-175.48,65.4,317.134,2,middle
1488,334.977,571.774,333.631,2,middle
1489,614.537,368.595,290.518,2,middle
1490,502.522,907.203,311.818,2,middle
1491,-95.342,52.154,321.21,2,middle
1492,-51.599,719.366,299.068,2,middle
1493,573.424,197.034,337.102,2,middle
1494,597.062,482.829,357.25,2,middle
1495,-40.642,634.199,323.67,2,middle
1496,193.768,62.512,384.394,2,middle
1497,470.165,167.17,350.955,2,middle
1498,506.987,353.758,336.662,2,middle
1499,489.652,674.313,357.721,2,middle
1500,441.866,749.639,337.925,2,middle
1501,266.931,879.272,383.45,2,middle
1502,288.758,524.501,371.252,2,middle
1503,27.222,457.998,327.428,2,middle
1504,495.016,739.505,329.168,2,middle
1505,207.624,791.909,351.687,2,middle
1506,-167.533,511.516,258.815,2,middle
1507,187.026,269.672,301.672,2,middle
1508,-180.642,201.394,270.565,2,middle
1509,74.108,215.808,357.138,2,middle
1510,157.83,76.692,317.397,2,middle
1511,621.96,399.26,342.582,2,middle
1512,-92.102,902.234,361.052,2,middle
1513,485.243,883.447,416.564,2,middle
1514,-86.599,100.369,248.591,2,middle
1515,581.233,443.731,315.212,2,middle
1516,413.456,271.936,298.599,2,middle
1517,-137.616,709.911,313.338,2,middle
1518,445.657,467.452,343.282,2,middle
1519,224.834,69.139,389.587,2,middle
1520,-130.961,198.659,223.901,2,middle
1521,320.219,519.77,355.68,2,middle
1522,105.774,415.4,251.269,2,middle
1523,133.402,762.012,318.607,2,middle
1524,229.61,197.849,277.95,2,middle
1525,480.082,904.401,405.743,2,middle
1526,96.926,566.134,327.992,2,middle
1527,68.916,86.123,336.777,2,middle
1528,462.217,120.809,326.379,2,middle
1529,48.052,117.156,316.639,2,middle
1530,-96.772,310.551,294.546,2,middle
1531,123.603,197.833,314.472,2,middle
1532,344.282,741.247,354.941,2,middle
1533,365.058,349.159,342.009,2,middle
1534,-136.017,474.64,234.756,2,middle
1535,519.666,751.442,370.977,2,middle
1536,-134.102,174.157,306.822,2,middle
1537,-50.642,675.363,339.573,2,middle
1538,368.862,400.171,379.567,2,middle
1539,226.89,80.674,371.74,2,middle
1540,545.815,469.328,267.376,2,middle
1541,323.925,477.189,274.98,2,middle
1542,474.46,826.677,307.617,2,middle
1543,354.717,861.68,395.471,2,middle
1544,90.341,754.72,359.433,2,middle
1545,246.366,835.891,341.762,2,middle
1546,-119.853,292.192,238.123,2,middle
1547,10.881,540.01,270.484,2,middle
1548,-11.98,202.59,249.658,2,middle
1549,-186.375,583.221,252.684,2,middle
1550,626.651,726.431,303.635,2,middle
1551,308.202,199.033,300.298,2,middle
1552,36.125,388.768,242.587,2,middle
1553,509.312,910.178,314.922,2,middle
1554,606.875,428.081,351.38,2,middle
1555,199.918,447.49,335.288,2,middle
1556,31.252,106.858,349.565,2,middle
1557,408.308,682.57,345.594,2,middle
1558,-154.235,329.976,293.563,2,middle
1559,-40.138,156.33,270.992,2,middle
1560,70.687,82.111,316.183,2,middle
1561,-122.299,752.873,272.593,2,middle
1562,134.139,580.346,265.3,2,middle
1563,560.521,890.219,313.627,2,middle
1564,-48.925,160.173,303.493,2,middle
1565,477.118,270.469,338.528,2,middle
1566,-82.156,412.736,301.951,2,middle
1567,384.416,780.999,351.921,2,middle
1568,392.238,365.504,382.067,2,middle
1569,-22.872,338.078,297.119,2,middle
1570,571.474,208.175,301.006,2,middle
1571,-135.603,131.996,307.675,2,middle
1572,115.268,737.822,373.729,2,middle
1573,-3.74,620.491,296.909,2,middle
1574,171.843,459.704,263.984,2,middle
1575,113.052,309.351,340.179,2,middle
1576,-27.448,540.363,248.609,2,middle
1577,334.646,588.935,385.408,2,middle
1578,105.958,731.449,346.222,2,middle
1579,254.463,868.07,327.919,2,middle
1580,128.264,860.958,347.476,2,middle
1581,-17.211,278.992,245.22,2,middle
1582,35.822,367.243,245.507,2,middle
1583,544.255,804.104,395.478,2,middle
1584,82.093,355.773,247.882,2,middle
1585,-49.091,781.365,287.387,2,middle
1586,106.383,243.537,277.789,2,middle
1587,535.892,437.021,292.738,2,middle
1588,346.15,881.02,411.252,2,middle
1589,-104.322,839.369,327.636,2,middle
1590,-64.335,604.461,236.416,2,middle
1591,158.941,852.842,405.025,2,middle
1592,465.551,264.857,296.951,2,middle
1593,327.751,348.859,284.604,2,middle
1594,139.981,166.178,326.905,2,middle
1595,38.334,280.374,275.485,2,middle
1596,289.884,451.275,352.742,2,middle
1597,-160.612,233.87,274.798,2,middle
1598,94.397,161.176,297.913,2,middle
1599,-47.325,341.667,243.028,2,middle
1600,-81.828,783.38,306.676,2,middle
1601,-40.612,731.565,338.994,2,middle
1602,-48.1,554.932,274.027,2,middle
1603,-118.295,71.033,279.496,2,middle
1604,420.15,196.952,290.566,2,middle
1605,-126.435,515.698,286.804,2,middle
1606,169.521,129.305,351.648,2,middle
1607,524.288,751.472,311.844,2,middle
1608,-166.384,738.307,328.507,2,middle
1609,208.237,673.122,291.455,2,middle
1610,150.424,452.317,336.492,2,middle
1611,608.427,329.7,283.332,2,middle
1612,-70.939,664.204,268.564,2,middle
1613,-23.509,122.659,304.012,2,middle
1614,-173.728,681.176,252.709,2,middle
1615,564.491,401.973,314.793,2,middle
1616,499.638,310.108,300.546,2,middle
1617,-11.432,463.416,291.294,2,middle
1618,-168.599,514.666,275.26,2,middle
1619,-27.839,79.177,344.349,2,middle
1620,54.924,849.973,301.478,2,middle
1621,-27.568,555.908,338.633,2,middle
1622,428.701,256.755,316.876,2,middle
1623,344.43,185.344,365.942,2,middle
1624,192.115,90.823,300.57,2,middle
1625,138.296,82.065,353.048,2,middle
1626,440.774,660.318,310.129,2,middle
1627,367.303,368.318,279.185,2,middle
1628,56.184,446.108,305.196,2,middle
1629,66.797,87.157,274.587,2,middle
1630,162.49,507.518,364.838,2,middle
1631,-22.57,756.253,336.046,2,middle
1632,493.439,240.124,381.826,2,middle
1633,-49.334,900.972,277.768,2,middle
1634,186.522,48.989,321.159,2,middle
1635,-46.278,598.887,337.046,2,middle
1636,-56.468,565.579,233.179,2,middle
1637,76.458,133.784,284.578,2,middle
1638,198.761,104.467,320.066,2,middle
1639,306.567,713.799,305.719,2,middle
1640,40.705,99.709,255.087,2,middle
1641,-75.412,122.639,269.955,2,middle
1642,-3.564,88.778,263.03,2,middle
1643,491.254,584.239,385.885,2,middle
1644,-154.059,440.658,240.763,2,middle
1645,122.813,633.395,347.698,2,middle
1646,27.507,330.714,283.304,2,middle
1647,-171.094,79.202,259.738,2,middle
1648,238.031,195.034,302.383,2,middle
1649,373.224,617.946,382.414,2,middle
1650,-14.971,102.767,266.855,2,middle
1651,501.36,73.059,314.303,2,middle
1652,223.535,309.794,310.467,2,middle
1653,-88.1,54.874,261.135,2,middle
1654,295.371,104.404,361.359,2,middle
1655,278.05,202.675,287.602,2,middle
1656,-81.456,216.152,261.292,2,middle
1657,217.808,288.54,325.807,2,middle
1658,549.123,518.85,343.445,2,middle
1659,-131.682,644.342,262.331,2,middle
1660,-44.84,676.912,322.281,2,middle
1661,139.334,573.608,364.613,2,middle
1662,560.052,569.15,376.322,2,middle
1663,-130.45,284.947,246.115,2,middle
1664,-1.728,557.207,252.812,2,middle
1665,255.567,681.02,346.164,2,middle
1666,611.464,322.765,283.107,2,middle
1667,-37.98,597.128,242.233,2,middle
1668,587.437,538.33,266.22,2,middle
1669,2.272,657.803,327.789,2,middle
1670,207.139,580.749,364.222,2,middle
1671,-16.573,830.694,367.628,2,middle
1672,520.394,903.846,311.831,2,middle
1673,-7.005,256.518,292.017,2,middle
1674,300.804,247.609,325.304,2,middle
1675,476.469,613.364,387.674,2,middle
1676,226.721,802.102,323.738,2,middle
1677,238.176,171.174,292.446,2,middle
1678,277.34,664.082,353.128,2,middle
1679,440.083,812.067,315.307,2,middle
1680,610.375,358.028,352.719,2,middle
1681,486.269,223.666,380.327,2,middle
1682,-134.358,435.102,234.063,2,middle
1683,390.471,484.679,331.009,2,middle
1684,-19.294,58.836,278.022,2,middle
1685,-107.379,313.415,268.697,2,middle
1686,-49.736,109.744,299.743,2,middle
1687,-171.25,749.999,302.303,2,middle
1688,554.893,198.891,307.948,2,middle
1689,108.675,296.356,279.396,2,middle
1690,471.62,517.93,356.451,2,middle
1691,552.416,771.401,385.818,2,middle
1692,155.905,662.777,293.254,2,middle
1693,385.293,781.672,398.978,2,middle
1694,-91.849,165.883,283.215,2,middle
1695,398.083,477.103,296.511,2,middle
1696,-61.618,561.975,287.658,2,middle
1697,-93.494,681.539,339.434,2,middle
1698,175.451,96.531,337.885,2,middle
1699,628.145,241.233,284.414,2,middle
1700,384.016,533.373,342.723,2,middle
1701,512.692,282.368,251.4,3,lower
1702,515.57,583.465,167.843,3,lower
1703,-153.798,723.698,86.32,3,lower
1704,48.773,589.584,185.658,3,lower
1705,-173.78,892.819,136.438,3,lower
1706,229.029,698.387,204.513,3,lower
1707,196.475,83.109,222.139,3,lower
1708,-29.729,263.971,168.352,3,lower
1709,-16.548,323.854,196.035,3,lower
1710,-103.209,377.432,110.332,3,lower
1711,-104.904,288.087,118.833,3,lower
1712,236.517,440.506,176.124,3,lower
1713,-185.133,517.621,154.12,3,lower
1714,20.317,307.856,120.28,3,lower
1715,-71.887,183.331,81.007,3,lower
1716,44.152,364.198,143.043,3,lower
1717,492.19,751.63,224.998,3,lower
1718,489.845,661.104,239.074,3,lower
1719,175.208,566.713,176.689,3,lower
1720,387.034,618.586,195.202,3,lower
1721,324.025,336.919,148.643,3,lower
1722,618.221,645.572,170.535,3,lower
1723,-134.079,845.569,241.482,3,lower
1724,402.209,264.242,266.105,3,lower
1725,43.087,751.317,266.973,3,lower
1726,0.9,499.523,89.236,3,lower
1727,246.413,258.062,209.342,3,lower
1728,-154.063,757.584,96.769,3,lower
1729,602.243,879.967,262.355,3,lower
1730,104.761,500.376,120.288,3,lower
1731,-86.254,312.41,171.023,3,lower
1732,-112.689,524.164,155.776,3,lower
1733,497.036,467.227,198.069,3,lower
1734,-88.893,578.176,124.844,3,lower
1735,222.799,330.466,146.661,3,lower
1736,443.037,75.869,136.142,3,lower
1737,331.742,857.935,276.771,3,lower
1738,382.379,325.811,164.054,3,lower
1739,152.119,320.471,163.342,3,lower
1740,24.076,177.07,122.416,3,lower
1741,425.876,452.869,257.008,3,lower
1742,530.17,619.964,228.724,3,lower
1743,110.196,361.028,115.375,3,lower
1744,579.411,250.087,189.591,3,lower
1745,239.373,108.067,192.401,3,lower
1746,442.531,301.86,163.474,3,lower
1747,128.171,485.419,167.097,3,lower
1748,502.612,812.984,159.561,3,lower
1749,445.399,625.528,190.386,3,lower
1750,-126.836,710.64,99.091,3,lower
1751,270.713,53.133,146.094,3,lower
1752,262.432,591.331,263.963,3,lower
1753,525.368,799.653,284.413,3,lower
1754,83.852,865.578,184.452,3,lower
1755,40.105,633.448,149.911,3,lower
1756,1.34,708.565,215.228,3,lower
1757,310.091,279.082,222.201,3,lower
1758,53.257,574.09,168.424,3,lower
1759,203.277,52.422,199.801,3,lower
1760,32.599,407.449,192.157,3,lower
1761,-115.736,503.837,91.411,3,lower
1762,303.414,294.845,179.849,3,lower
1763,4.068,324.707,184.716,3,lower
1764,355.84,85.916,190.033,3,lower
1765,276.657,329.432,270.874,3,lower
1766,447.31,114.148,180.714,3,lower
1767,68.188,633.213,170.995,3,lower
1768,469.797,907.755,289.774,3,lower
1769,464.156,63.402,155.036,3,lower
1770,590.502,428.247,149.426,3,lower
1771,99.871,665.5,141.861,3,lower
1772,6.722,697.954,206.724,3,lower
1773,24.019,570.475,210.725,3,lower
1774,339.096,757.152,297.963,3,lower
1775,5.832,596.24,217.823,3,lower
1776,-138.211,527.853,113.75,3,lower
1777,534.905,827.258,217.066,3,lower
1778,61.771,391.273,169.657,3,lower
1779,294.1,498.933,160.998,3,lower
1780,-5.445,45.032,147.055,3,lower
1781,127.039,302.541,172.995,3,lower
1782,303.217,885.514,217.299,3,lower
1783,264.538,331.874,209.582,3,lower
1784,412.436,754.159,288.93,3,lower
1785,103.574,402.711,213.714,3,lower
1786,170.36,733.882,283.669,3,lower
1787,376.747,140.899,210.046,3,lower
1788,81.195,570.61,156.548,3,lower
1789,199.973,850.255,164.472,3,lower
1790,145.11,68.096,200.689,3,lower
1791,-144.869,613.084,133.366,3,lower
1792,126.617,515.875,199.765,3,lower
1793,193.143,664.506,273.497,3,lower
1794,389.251,215.503,221.046,3,lower
1795,321.905,474.866,154.336,3,lower
1796,80.421,177.586,182.495,3,lower
1797,7.426,857.56,151.046,3,lower
1798,-179.066,363.406,156.266,3,lower
1799,189.554,812.687,159.461,3,lower
1800,-176.624,257.938,107.18,3,lower
1801,526.595,302.908,244.793,3,lower
1802,-128.555,539.306,75.069,3,lower
1803,-24.68,364.78,114.472,3,lower
1804,-95.076,405.153,76.402,3,lower
1805,134.3,122.176,162.832,3,lower
1806,479.43,160.864,150.678,3,lower
1807,309.159,884.44,193.826,3,lower
1808,-158.807,75.228,209.181,3,lower
1809,70.65,534.9,130.451,3,lower
1810,95.877,277.401,166.071,3,lower
1811,-33.592,538.901,95.228,3,lower
1812,212.296,836.782,205.359,3,lower
1813,589.791,900.275,172.824,3,lower
1814,268.154,125.203,276.824,3,lower
1815,449.033,103.148,254.689,3,lower
1816,530.68,768.222,269.16,3,lower
1817,-146.462,471.757,149.669,3,lower
1818,180.735,898.249,198.11,3,lower
1819,-154.312,449.338,194.261,3,lower
1820,329.228,357.373,259.918,3,lower
1821,-58.245,746.509,177.157,3,lower
1822,474.468,710.63,151.479,3,lower
1823,-30.207,870.524,262.867,3,lower
1824,179.146,136.449,236.673,3,lower
1825,122.464,136.548,231.869,3,lower
1826,-59.102,668.478,196.631,3,lower
1827,98.435,284.194,126.107,3,lower
1828,627.088,781.998,150.335,3,lower
1829,-156.719,326.451,110.409,3,lower
1830,438.62,387.647,169.112,3,lower
1831,409.443,178.393,270.834,3,lower
1832,245.228,691.128,267.268,3,lower
1833,-84.059,299.34,99.833,3,lower
1834,45.597,129.386,163.752,3,lower
1835,-157.666,279.776,194.573,3,lower
1836,221.505,487.974,140.884,3,lower
1837,-92.968,657.872,227.628,3,lower
1838,463.397,487.667,256.312,3,lower
1839,253.934,145.026,260.092,3,lower
1840,-86.512,566.375,88.121,3,lower
1841,69.693,868.435,262.816,3,lower
1842,84.093,805.351,134.34,3,lower
1843,382.639,57.021,157.725,3,lower
1844,53.311,744.597,181.613,3,lower
1845,315.961,447.64,225.967,3,lower
1846,497.583,78.056,155.279,3,lower
1847,224.256,310.46,157.584,3,lower
1848,627.297,177.65,261.244,3,lower
1849,524.05,519.66,178.026,3,lower
1850,-117.342,572.663,166.542,3,lower
1851,-12.795,531.911,184.641,3,lower
1852,-27.781,59.091,195.145,3,lower
1853,426.452,284.103,213.773,3,lower
1854,606.63,304.995,231.132,3,lower
1855,-17.439,99.832,198.702,3,lower
1856,-175.043,45.515,186.229,3,lower
1857,278.497,880.024,167.969,3,lower
1858,453.042,739.629,245.411,3,lower
1859,-130.333,430.783,87.831,3,lower
1860,233.612,644.827,223.833,3,lower
1861,-167.815,482.053,54.545,3,lower
1862,496.218,894.696,310.684,3,lower
1863,-177.525,391.174,87.17,3,lower
1864,-60.242,838.843,242.547,3,lower
1865,560.446,718.391,203.835,3,lower
1866,-144.941,667.458,100.276,3,lower
1867,-89.46,434.883,129.759,3,lower
1868,37.096,851.602,132.305,3,lower
1869,131.357,419.68,154.662,3,lower
1870,622.421,292.034,113.784,3,lower
1871,387.107,703.998,287.547,3,lower
1872,606.105,556.226,118.291,3,lower
1873,17.924,162.607,223.46,3,lower
1874,625.723,538.972,166.607,3,lower
1875,631.528,705.655,143.506,3,lower
1876,-123.196,659.918,201.573,3,lower
1877,398.333,528.345,144.747,3,lower
1878,340.653,363.177,138.642,3,lower
1879,603.446,429.775,130.385,3,lower
1880,89.703,287.151,248.556,3,lower
1881,462.292,789.515,291.77,3,lower
1882,329.353,493.775,230.975,3,lower
1883,417.618,164.178,225.943,3,lower
1884,238.297,490.684,142.094,3,lower
1885,-60.843,639.988,142.388,3,lower
1886,25.818,657.416,231.321,3,lower
1887,563.912,900.845,220.593,3,lower
1888,536.764,213.27,155.769,3,lower
1889,118.649,339.717,151.766,3,lower
1890,247.442,597.539,203.264,3,lower
1891,451.399,482.836,236.296,3,lower
1892,-141.179,465.974,77.312,3,lower
1893,-89.616,495.203,139.752,3,lower
1894,263.751,171.082,159.31,3,lower
1895,256.819,72.33,279.835,3,lower
1896,497.547,49.062,262.879,3,lower
1897,628.662,636.088,200.101,3,lower
1898,323.457,440.971,132.88,3,lower
1899,346.257,354.003,201.04,3,lower
1900,-93.755,238.306,169.977,3,lower
1901,272.905,243.744,173.545,3,lower
1902,264.402,541.489,233.135,3,lower
1903,-96.914,592.204,153.48,3,lower
1904,465.701,462.201,253.282,3,lower
1905,40.477,733.077,158.909,3,lower
1906,529.452,571.905,266.112,3,lower
1907,605.972,566.893,245.735,3,lower
1908,142.166,527.062,242.772,3,lower
1909,462.47,872.985,178.808,3,lower
1910,415.403,328.701,150.744,3,lower
1911,-76.446,822.455,119.69,3,lower
1912,193.708,377.459,247.475,3,lower
1913,-151.752,568.198,199.405,3,lower
1914,-10.213,145.431,184.692,3,lower
1915,218.049,621.753,160.283,3,lower
1916,33.624,908.305,266.341,3,lower
1917,-179.397,333.611,88.508,3,lower
1918,63.89,801.709,128.353,3,lower
1919,148.183,779.289,176.772,3,lower
1920,623.66,831.089,194.744,3,lower
1921,456.27,827.694,252.282,3,lower
1922,-4.349,148.131,205.784,3,lower
1923,318.806,555.036,170.071,3,lower
1924,-92.26,457.277,120.073,3,lower
1925,129.727,862.74,207.313,3,lower
1926,337.477,410.49,133.55,3,lower
1927,469.914,314.077,255.746,3,lower
1928,-140.202,591.677,195.555,3,lower
1929,120.534,94.975,126.973,3,lower
1930,186.82,298.658,133.034,3,lower
1931,626.944,519.272,116.58,3,lower
1932,-119.791,642.615,111.64,3,lower
1933,43.377,161.229,166.978,3,lower
1934,464.063,842.354,261.799,3,lower
1935,-126.906,462.52,150.119,3,lower
1936,-164.503,762.45,183.634,3,lower
1937,53.704,618.586,183.452,3,lower
1938,526.708,598.995,231.182,3,lower
1939,26.026,297.832,228.698,3,lower
1940,254.817,150.204,209.928,3,lower
1941,425.866,416.8,223.454,3,lower
1942,617.355,198.108,213.151,3,lower
1943,373.616,892.683,249.268,3,lower
1944,-157.308,418.669,109.95,3,lower
1945,257.497,769.22,256.998,3,lower
1946,448.897,312.929,156.201,3,lower
1947,23.865,823.098,214.036,3,lower
1948,122.871,532.503,222.765,3,lower
1949,228.624,368.818,221.582,3,lower
1950,215.897,77.715,153.892,3,lower
1951,-165.689,682.652,206.043,3,lower
1952,66.99,506.736,153.785,3,lower
1953,424.731,160.291,206.505,3,lower
1954,85.407,54.373,139.567,3,lower
1955,-127.825,78.549,78.827,3,lower
1956,631.942,809.308,156.436,3,lower
1957,250.377,432.164,238.124,3,lower
1958,503.529,715.739,273.375,3,lower
1959,136.868,404.591,236.747,3,lower
1960,387.558,446.194,154.375,3,lower
1961,469.882,272.878,241.907,3,lower
1962,515.117,629.756,249.168,3,lower
1963,-140.928,80.914,196.021,3,lower
1964,616.737,167.649,158.092,3,lower
1965,-127.312,525.254,209.245,3,lower
1966,-184.134,392.275,182.806,3,lower
1967,499.543,808.912,198.007,3,lower
1968,196.795,847.122,279.965,3,lower
1969,520.75,368.32,181.509,3,lower
1970,506.845,518.216,152.007,3,lower
1971,480.115,893.135,193.147,3,lower
1972,345.387,311.071,134.597,3,lower
1973,319.953,350.243,211.461,3,lower
1974,120.94,395.269,185.754,3,lower
1975,-87.346,201.882,85.139,3,lower
1976,392.261,61.216,145.003,3,lower
1977,65.407,575.861,159.081,3,lower
1978,-50.009,488.378,174.027,3,lower
1979,516.587,320.26,254.07,3,lower
1980,298.679,156.958,226.871,3,lower
1981,94.494,813.838,220.982,3,lower
1982,519.758,872.493,258.688,3,lower
1983,309.644,619.98,232.673,3,lower
1984,187.192,674.752,209.728,3,lower
1985,260.91,407.009,179.584,3,lower
1986,509.606,728.047,209.359,3,lower
1987,582.272,724.573,147.292,3,lower
1988,389.543,248.178,135.554,3,lower
1989,246.003,681.471,193.578,3,lower
1990,436.439,112.445,180.53,3,lower
1991,97.895,771.832,194.264,3,lower
1992,-47.718,130.46,206.659,3,lower
1993,201.731,603.228,250.449,3,lower
1994,64.674,192.869,186.276,3,lower
1995,605.043,905.595,243.567,3,lower
1996,368.446,456.709,154.974,3,lower
1997,-135.202,836.264,183.908,3,lower
1998,31.191,189.313,139.497,3,lower
1999,-47.977,329.85,180.839,3,lower
2000,273.977,64.371,172.538,3,lower
2001,173.725,787.035,256.259,3,lower
2002,426.576,374.887,173.154,3,lower
2003,239.799,666.58,258.764,3,lower
2004,237.155,97.248,167.738,3,lower
2005,-145.25,366.815,106.325,3,lower
2006,531.329,562.089,210.787,3,lower
2007,385.665,407.747,260.371,3,lower
2008,609.306,580.775,129.218,3,lower
2009,102.288,194.898,254.957,3,lower
2010,317.58,153.701,195.459,3,lower
2011,-79.502,649.689,201.813,3,lower
2012,218.777,237.379,229.618,3,lower
2013,-54.707,430.495,81.461,3,lower
2014,-136.808,880.725,180.399,3,lower
2015,484.056,68.009,226.345,3,lower
2016,388.778,782.584,273.784,3,lower
2017,71.402,847.687,270.962,3,lower
2018,409.426,76.08,174.711,3,lower
2019,569.894,726.546,209.455,3,lower
2020,-159.561,317.877,59.936,3,lower
2021,369.281,674.313,238.064,3,lower
2022,195.807,393.758,153.468,3,lower
2023,189.291,86.625,211.3,3,lower
2024,144.382,463.345,186.796,3,lower
2025,254.701,521.766,202.902,3,lower
2026,-36.628,422.819,119.821,3,lower
2027,309.026,321.61,214.628,3,lower
2028,418.73,774.399,249.699,3,lower
2029,203.601,76.855,237.994,3,lower
2030,97.631,146.837,253.852,3,lower
2031,415.791,258.844,142.119,3,lower
2032,95.654,228.356,175.086,3,lower
2033,-58.384,854.992,220.927,3,lower
2034,-14.911,868.916,160.583,3,lower
2035,414.265,236.118,178.568,3,lower
2036,195.074,759.15,248.076,3,lower
2037,467.972,714.003,161.491,3,lower
2038,267.56,903.122,265.38,3,lower
2039,528.319,214.048,146.479,3,lower
2040,148.037,859.523,204.163,3,lower
2041,80.212,223.918,115.82,3,lower
2042,249.179,619.376,204.427,3,lower
2043,122.407,235.609,255.509,3,lower
2044,612.698,688.343,268.879,3,lower
2045,502.957,724.449,268.469,3,lower
2046,254.086,267.116,178.377,3,lower
2047,624.95,140.351,120.098,3,lower
2048,-106.763,249.43,216.883,3,lower
2049,361.277,414.057,221.238,3,lower
2050,74.931,242.056,153.931,3,lower
2051,450.973,461.707,240.066,3,lower
2052,323.429,794.034,253.816,3,lower
2053,437.689,779.072,245.32,3,lower
2054,249.987,506.353,170.244,3,lower
2055,424.003,229.289,215.131,3,lower
2056,24.629,765.353,261.305,3,lower
2057,-1.133,575.904,95.276,3,lower
2058,-89.615,201.252,74.377,3,lower
2059,285.557,313.077,142.192,3,lower
2060,607.525,457.709,135.134,3,lower
2061,-111.925,90.297,201.552,3,lower
2062,397.419,852.164,188.817,3,lower
2063,42.27,162.884,129.314,3,lower
2064,465.929,130.887,163.135,3,lower
2065,-103.501,806.282,109.893,3,lower
2066,-86.026,726.385,186.17,3,lower
2067,-170.62,595.436,148.496,3,lower
2068,185.051,618.951,148.123,3,lower
2069,121.484,351.833,134.403,3,lower
2070,555.276,836.988,279.722,3,lower
2071,511.869,668.004,234.423,3,lower
2072,468.169,102.132,144.954,3,lower
2073,440.815,547.564,242.391,3,lower
2074,469.904,104.074,239.548,3,lower
2075,-157.306,385.02,109.374,3,lower
2076,182.498,706.662,254.184,3,lower
2077,83.064,425.674,233.856,3,lower
2078,142.364,405.757,127.849,3,lower
2079,270.189,263.431,155.15,3,lower
2080,619.985,594.413,267.524,3,lower
2081,206.208,660.714,260.995,3,lower
2082,-81.955,774.142,144.02,3,lower
2083,205.203,386.9,197.393,3,lower
2084,303.779,530.159,185.178,3,lower
2085,158.478,410.486,234.731,3,lower
2086,144.936,707.486,135.352,3,lower
2087,596.969,891.602,185.898,3,lower
2088,566.823,723.613,188.335,3,lower
2089,408.59,440.743,185.774,3,lower
2090,375.43,70.856,207.202,3,lower
2091,11.063,52.117,127.203,3,lower
2092,100.033,656.441,231.954,3,lower
2093,630.466,429.618,235.993,3,lower
2094,581.91,716.939,160.52,3,lower
2095,301.204,767.625,191.883,3,lower
2096,591.701,889.695,214.23,3,lower
2097,-97.143,333.536,110.119,3,lower
2098,601.958,735.562,198.039,3,lower
2099,426.768,909.74,175.63,3,lower
2100,-155.942,476.045,197.962,3,lower
2101,475.15,385.061,202.595,3,lower
2102,480.832,405.849,175.864,3,lower
2103,430.771,151.205,208.043,3,lower
2104,180.647,102.015,217.733,3,lower
2105,623.693,218.525,189.24,3,lower
2106,-110.831,557.269,75.545,3,lower
2107,-166.476,89.982,170.681,3,lower
2108,-8.84,69.596,241.119,3,lower
2109,257.771,298.897,194.455,3,lower
2110,605.68,378.344,256.502,3,lower
2111,267.679,844.653,194.493,3,lower
2112,284.507,103.539,267.399,3,lower
2113,-61.646,759.354,206.704,3,lower
2114,18.392,751.074,240.674,3,lower
2115,196.326,532.627,220.572,3,lower
2116,213.429,325.248,184.232,3,lower
2117,80.237,552.058,233.963,3,lower
2118,305.189,559.056,139.451,3,lower
2119,325.536,200.685,177.5,3,lower
2120,249.648,907.175,214.214,3,lower
2121,380.852,452.852,147.35,3,lower
2122,402.439,48.268,257.653,3,lower
2123,340.346,887.69,222.636,3,lower
2124,-108.89,739.578,213.202,3,lower
2125,-170.672,820.185,186.234,3,lower
2126,350.083,109.041,198.969,3,lower
2127,150.332,111.867,221.745,3,lower
2128,-18.726,672.437,98.44,3,lower
2129,101.683,909.725,218.34,3,lower
2130,545.233,549.137,233.472,3,lower
2131,-149.402,431.103,95.561,3,lower
2132,554.795,184.823,129.391,3,lower
2133,301.27,152.81,164.715,3,lower
2134,78.863,101.619,109.613,3,lower
2135,557.671,447.48,262.704,3,lower
2136,567.962,366.176,220.044,3,lower
2137,337.321,210.956,202.948,3,lower
2138,500.234,814.155,284.657,3,lower
2139,93.029,716.121,222.499,3,lower
2140,532.438,643.434,240.517,3,lower
2141,-146.608,490.29,63.674,3,lower
2142,-179.801,470.669,110.674,3,lower
2143,363.565,699.226,234.89,3,lower
2144,616.641,360.053,130.831,3,lower
2145,374.348,419.626,224.625,3,lower
2146,42.412,231.505,137.964,3,lower
2147,620.769,589.13,164.734,3,lower
2148,518.377,45.841,130.752,3,lower
2149,184.313,913.234,230.386,3,lower
2150,-170.416,501.787,85.26,3,lower
2151,-29.286,550.853,225.623,3,lower
2152,-183.832,916.277,197.031,3,lower
2153,-18.714,294.23,149.184,3,lower
2154,307.889,642.548,206.75,3,lower
2155,17.987,551.281,192.231,3,lower
2156,-180.482,410.019,132.202,3,lower
2157,240.794,823.502,294.792,3,lower
2158,577.09,472.846,217.461,3,lower
2159,617.884,881.498,164.246,3,lower
2160,-14.802,767.737,125.262,3,lower
2161,82.932,823.552,220.344,3,lower
2162,293.889,406.689,161.37,3,lower
2163,-107.834,722.625,103.366,3,lower
2164,-105.239,474.522,122.794,3,lower
2165,437.261,499.594,241.708,3,lower
2166,299.592,246.393,180.34,3,lower
2167,69.151,565.691,231.053,3,lower
2168,-71.793,641.687,112.701,3,lower
2169,100.676,587.21,132.187,3,lower
2170,413.892,726.126,170.77,3,lower
2171,369.302,462.456,256.454,3,lower
2172,133.488,298.936,179.79,3,lower
2173,248.939,244.469,126.226,3,lower
2174,-175.036,502.948,186.564,3,lower
2175,522.059,443.687,161.9,3,lower
2176,420.803,755.265,167.802,3,lower
2177,-1.899,372.775,176.914,3,lower
2178,213.431,686.216,230.088,3,lower
2179,394.999,691.13,232.582,3,lower
2180,-51.74,822.36,146.176,3,lower
2181,392.511,124.331,238.062,3,lower
2182,42.851,803.193,185.824,3,lower
2183,-171.91,612.137,197.768,3,lower
2184,-96.95,67.535,147.592,3,lower
2185,569.895,268.82,262.34,3,lower
2186,-95.4,417.33,127.531,3,lower
2187,273.488,383.605,269.722,3,lower
2188,-9.002,236.221,175.776,3,lower
2189,177.708,523.109,175.536,3,lower
2190,545.629,654.47,160.087,3,lower
2191,262.1,212.961,269.551,3,lower
2192,116.997,753.683,215.978,3,lower
2193,-89.135,765.914,193.392,3,lower
2194,488.769,331.442,168.289,3,lower
2195,329.139,557.539,162.024,3,lower
2196,-182.948,76.376,124.428,3,lower
2197,-65.73,700.799,119.862,3,lower
2198,-1.907,601.386,198.982,3,lower
2199,-121.955,823.488,114.261,3,lower
2200,455.269,525.598,225.011,3,lower
2201,441.717,308.558,261.901,3,lower
2202,54.29,426.618,232.854,3,lower
2203,1.26,894.724,250.151,3,lower
2204,61.708,600.004,234.525,3,lower
2205,511.354,912.757,179.006,3,lower
2206,7.622,52.4,119.894,3,lower
2207,159.885,429.182,213.693,3,lower
2208,548.096,611.115,231.034,3,lower
2209,271.635,610.33,220.197,3,lower
2210,341.114,769.69,162.628,3,lower
2211,115.484,573.005,163.236,3,lower
2212,123.122,681.042,197.855,3,lower
2213,129.048,404.594,249.72,3,lower
2214,13.85,167.996,120.14,3,lower
2215,622.721,357.219,139.409,3,lower
2216,280.191,382.737,180.956,3,lower
2217,-92.08,139.68,218.028,3,lower
2218,300.24,722.189,177.665,3,lower
2219,395.643,183.111,279.149,3,lower
2220,205.083,430.894,190.93,3,lower
2221,-168.491,203.342,197.784,3,lower
2222,121.267,580.122,256.529,3,lower
2223,-5.981,337.871,149.497,3,lower
2224,505.894,165.922,253.429,3,lower
2225,-64.464,359.826,165.641,3,lower
2226,162.847,158.782,193.793,3,lower
2227,552.908,771.156,258.911,3,lower
2228,-50.749,901.682,134.779,3,lower
2229,541.703,531.619,128.583,3,lower
2230,617.757,585.932,169.219,3,lower
2231,290.747,861.617,278.827,3,lower
2232,602.12,764.986,248.73,3,lower
2233,118.865,87.203,168.778,3,lower
2234,145.367,115.208,131.92,3,lower
2235,467.513,99.769,209.044,3,lower
2236,-129.577,436.358,179.687,3,lower
2237,-105.883,448.031,103.163,3,lower
2238,421.093,901.864,186.301,3,lower
2239,542.183,202.777,247.381,3,lower
2240,180.083,756.189,272.391,3,lower
2241,84.013,559.898,189.702,3,lower
2242,96.383,424.564,184.422,3,lower
2243,440.373,837.988,252.778,3,lower
2244,450.018,903.0,177.29,3,lower
2245,611.506,686.595,188.031,3,lower
2246,-17.179,173.398,181.716,3,lower
2247,356.274,713.883,178.483,3,lower
2248,150.158,53.25,175.234,3,lower
2249,48.795,269.231,180.113,3,lower
2250,82.415,835.561,264.177,3,lower
2251,-175.924,857.157,224.962,3,lower
2252,44.843,350.018,140.553,3,lower
2253,19.696,387.028,164.219,3,lower
2254,206.73,204.668,252.225,3,lower
2255,56.777,762.067,159.402,3,lower
2256,-63.895,577.943,126.791,3,lower
2257,603.159,845.89,246.083,3,lower
2258,362.748,311.743,205.886,3,lower
2259,163.37,538.724,210.171,3,lower
2260,457.211,280.478,198.581,3,lower
2261,117.899,797.169,147.048,3,lower
2262,573.239,474.172,244.75,3,lower
2263,131.977,530.103,232.874,3,lower
2264,-37.917,447.728,135.155,3,lower
2265,-14.27,361.393,87.243,3,lower
2266,209.052,504.844,260.698,3,lower
2267,571.381,902.959,190.221,3,lower
2268,541.362,114.467,254.473,3,lower
2269,303.16,533.774,135.722,3,lower
2270,138.512,484.251,137.601,3,lower
2271,-182.085,608.955,148.657,3,lower
2272,558.778,221.312,165.106,3,lower
2273,213.352,773.447,191.862,3,lower
2274,84.521,86.016,157.459,3,lower
2275,79.208,246.649,113.331,3,lower
2276,496.94,333.64,231.343,3,lower
2277,534.433,334.786,194.695,3,lower
2278,101.643,220.629,196.375,3,lower
2279,471.654,433.872,188.185,3,lower
2280,200.652,822.903,193.74,3,lower
2281,97.403,122.657,149.851,3,lower
2282,488.98,614.235,271.669,3,lower
2283,56.985,262.305,223.897,3,lower
2284,622.707,493.084,245.814,3,lower
2285,340.589,589.267,168.919,3,lower
2286,332.784,336.855,192.594,3,lower
2287,114.139,467.429,151.157,3,lower
2288,-17.789,454.721,171.855,3,lower
2289,224.667,208.947,246.518,3,lower
2290,574.536,190.742,170.007,3,lower
2291,508.011,860.736,239.082,3,lower
2292,417.166,458.525,193.928,3,lower
2293,-75.74,450.616,191.563,3,lower
2294,-136.325,560.624,156.923,3,lower
2295,512.928,589.119,245.908,3,lower
2296,228.666,891.144,224.337,3,lower
2297,447.151,482.909,216.269,3,lower
2298,-150.755,657.457,154.73,3,lower
2299,595.582,312.291,130.404,3,lower
2300,563.113,49.971,233.938,3,lower
2301,-16.509,716.576,189.105,3,lower
2302,128.099,393.571,146.282,3,lower
2303,599.978,741.505,181.819,3,lower
2304,184.659,666.526,211.986,3,lower
2305,89.949,262.421,148.887,3,lower
2306,169.373,138.371,261.109,3,lower
2307,-162.084,714.683,147.983,3,lower
2308,-86.465,223.413,165.541,3,lower
2309,243.481,747.21,212.261,3,lower
2310,45.287,487.796,184.534,3,lower
2311,542.208,88.005,218.659,3,lower
2312,-48.388,201.01,91.367,3,lower
2313,-51.012,621.78,108.915,3,lower
2314,517.886,636.659,153.514,3,lower
2315,201.462,568.26,182.21,3,lower
2316,332.377,303.662,251.992,3,lower
2317,16.095,809.006,242.109,3,lower
2318,104.662,838.066,263.925,3,lower
2319,54.76,306.305,114.462,3,lower
2320,-57.393,334.949,217.629,3,lower
2321,76.569,600.402,165.197,3,lower
2322,419.283,511.523,220.323,3,lower
2323,429.555,908.835,220.083,3,lower
2324,-99.136,580.148,150.708,3,lower
2325,425.058,829.924,263.835,3,lower
2326,398.3,111.277,248.014,3,lower
2327,-82.546,880.193,127.86,3,lower
2328,310.857,573.363,275.87,3,lower
2329,-135.67,120.095,84.516,3,lower
2330,370.172,186.424,203.497,3,lower
2331,508.239,514.676,165.126,3,lower
2332,430.277,374.723,267.947,3,lower
2333,152.581,666.832,240.382,3,lower
2334,281.708,564.714,225.339,3,lower
2335,15.551,171.625,229.475,3,lower
2336,459.438,133.287,277.017,3,lower
2337,-34.117,753.393,230.164,3,lower
2338,-186.431,709.786,182.638,3,lower
2339,530.233,764.885,231.573,3,lower
2340,39.129,239.365,244.105,3,lower
2341,188.261,371.114,170.641,3,lower
2342,383.195,478.55,189.916,3,lower
2343,-155.791,243.501,201.935,3,lower
2344,279.85,529.33,212.123,3,lower
2345,455.993,517.645,166.957,3,lower
2346,586.334,636.772,174.629,3,lower
2347,487.653,556.122,143.912,3,lower
2348,300.619,48.073,192.505,3,lower
2349,194.187,568.775,130.315,3,lower
2350,409.601,147.198,208.801,3,lower
2351,9.156,802.935,237.142,3,lower
2352,15.728,60.473,205.726,3,lower
2353,7.038,52.649,178.397,3,lower
2354,395.936,204.463,132.213,3,lower
2355,-22.014,580.806,191.768,3,lower
2356,277.595,818.886,290.289,3,lower
2357,345.261,765.185,248.0,3,lower
2358,-13.16,912.628,147.756,3,lower
2359,-83.826,66.122,156.018,3,lower
2360,46.819,88.742,225.123,3,lower
2361,235.722,463.125,260.523,3,lower
2362,21.96,855.717,185.504,3,lower
2363,-17.207,185.381,113.461,3,lower
2364,269.793,696.488,253.318,3,lower
2365,295.945,542.994,274.489,3,lower
2366,26.1,581.489,183.956,3,lower
2367,585.212,180.423,150.233,3,lower
2368,-99.392,903.07,181.533,3,lower
2369,33.434,798.399,214.744,3,lower
2370,87.523,480.967,127.362,3,lower
2371,-163.979,648.73,171.655,3,lower
2372,133.278,600.836,238.736,3,lower
2373,-27.336,584.54,151.453,3,lower
2374,59.224,507.44,110.754,3,lower
2375,31.457,350.301,95.489,3,lower
2376,504.223,824.126,277.185,3,lower
2377,-116.428,522.744,159.38,3,lower
2378,-23.586,117.845,110.235,3,lower
2379,353.845,378.857,272.577,3,lower
2380,243.426,265.87,169.572,3,lower
2381,55.835,404.724,130.649,3,lower
2382,-148.15,904.12,162.96,3,lower
2383,67.002,418.953,144.616,3,lower
2384,167.29,559.821,193.113,3,lower
2385,-131.61,728.816,184.544,3,lower
2386,604.988,679.687,269.184,3,lower
2387,454.697,124.717,259.717,3,lower
2388,-128.022,709.819,205.176,3,lower
2389,520.56,809.579,172.055,3,lower
2390,467.119,912.812,271.22,3,lower
2391,-153.193,760.282,159.422,3,lower
2392,584.937,575.51,225.217,3,lower
2393,13.181,330.07,145.339,3,lower
2394,-184.293,469.14,112.062,3,lower
2395,177.303,693.8,172.311,3,lower
2396,535.891,768.973,258.277,3,lower
2397,455.786,437.161,196.839,3,lower
2398,-60.989,109.917,157.114,3,lower
2399,120.341,627.74,163.441,3,lower
2400,550.914,662.006,262.78,3,lower
